"ID","Description","GeneRatio","BgRatio","RichFactor","FoldEnrichment","zScore","pvalue","p.adjust","qvalue","geneID","Count"
"GO:0070098","chemokine-mediated signaling pathway","12/220","85/28928",0.141176470588235,18.563422459893,14.1958030375224,2.23678704610583e-12,4.59949002130986e-09,3.31280832797561e-09,"Ccl3/Ccl8/Ccr1/Cxcl1/Cxcl5/Cxcl10/Ccl5/Trem2/Ccl7/Ppbp/Ccl11/Ccl2",12
"GO:0006953","acute-phase response","10/220","51/28928",0.196078431372549,25.7825311942959,15.5065892294457,5.13037033332903e-12,4.59949002130986e-09,3.31280832797561e-09,"Saa3/Hp/Serpina3n/Il6/Il1a/Saa2/Ccl5/Ptgs2/Ptges/Orm1",10
"GO:0050900","leukocyte migration","21/220","409/28928",0.0513447432762836,6.75136697043787,10.2547990813697,7.48893635924455e-12,4.59949002130986e-09,3.31280832797561e-09,"Ccl3/S100a8/Itgb7/Il1a/Ccl8/Ccr1/Cxcl1/Ptn/Cxcl5/Itgb2/Cxcl10/Ccl5/Trem2/Ccl7/Ppbp/Ccl11/Mmp9/Aoc3/Ccl2/F7/Dbh",21
"GO:0019730","antimicrobial humoral response","16/220","210/28928",0.0761904761904762,10.018354978355,11.4821032308718,7.5052901467463e-12,4.59949002130986e-09,3.31280832797561e-09,"Ccl3/Kng1/Kng2/Wfdc21/Ccl8/Cxcl1/Slpi/Cxcl5/Adm/Camp/Cxcl10/Ccl5/Ccl7/Ppbp/Ccl11/Ccl2",16
"GO:1901342","regulation of vasculature development","19/220","326/28928",0.0582822085889571,7.66358059118795,10.5920451386051,8.79568510617378e-12,4.59949002130986e-09,3.31280832797561e-09,"Prl2c2/Il1a/Adm2/Ptn/Angptl7/Adm/Cd40/Itgb2/Dcn/Camp/Smoc2/Cxcl10/Ccl5/Klf4/Hmox1/Ccl11/Mmp9/Ccl2/Hk2",19
"GO:1990868","response to chemokine","12/220","96/28928",0.125,16.4363636363636,13.2618710882633,9.87015026032159e-12,4.59949002130986e-09,3.31280832797561e-09,"Ccl3/Ccl8/Ccr1/Cxcl1/Cxcl5/Cxcl10/Ccl5/Trem2/Ccl7/Ppbp/Ccl11/Ccl2",12
"GO:1990869","cellular response to chemokine","12/220","96/28928",0.125,16.4363636363636,13.2618710882633,9.87015026032159e-12,4.59949002130986e-09,3.31280832797561e-09,"Ccl3/Ccl8/Ccr1/Cxcl1/Cxcl5/Cxcl10/Ccl5/Trem2/Ccl7/Ppbp/Ccl11/Ccl2",12
"GO:0060326","cell chemotaxis","19/220","337/28928",0.056379821958457,7.41343404370111,10.3669852320407,1.56323969526615e-11,6.37410985744772e-09,4.59098815767637e-09,"Ccl3/Saa3/S100a8/Ccl8/Ccr1/Cxcl1/Ptn/Cxcl5/Itgb2/Enpp2/Smoc2/Cxcl10/Ccl5/Ccl7/Ppbp/Ccl11/Mmp9/Ccl2/F7",19
"GO:0006935","chemotaxis","22/220","481/28928",0.0457380457380457,6.01413721413721,9.70760475399774,2.21079145347657e-11,7.81281802590195e-09,5.62722573616869e-09,"Ccl3/Saa3/S100a8/Ccl8/Ccr1/Cxcl1/Ptn/Cxcl5/Itgb2/Enpp2/Smoc2/Cxcl10/Ccl5/Trem2/Ccl7/Rtn4r/Sema3g/Ppbp/Ccl11/Mmp9/Ccl2/F7",22
"GO:0042330","taxis","22/220","483/28928",0.0455486542443064,5.98923395445135,9.6797922180137,2.39510055974922e-11,7.81281802590195e-09,5.62722573616869e-09,"Ccl3/Saa3/S100a8/Ccl8/Ccr1/Cxcl1/Ptn/Cxcl5/Itgb2/Enpp2/Smoc2/Cxcl10/Ccl5/Trem2/Ccl7/Rtn4r/Sema3g/Ppbp/Ccl11/Mmp9/Ccl2/F7",22
"GO:0061844","antimicrobial humoral immune response mediated by antimicrobial peptide","14/220","164/28928",0.0853658536585366,11.2248337028825,11.4951622819455,3.45344227721624e-11,1.02410260984358e-08,7.37615613659967e-09,"Ccl3/Kng1/Kng2/Ccl8/Cxcl1/Cxcl5/Adm/Camp/Cxcl10/Ccl5/Ccl7/Ppbp/Ccl11/Ccl2",14
"GO:0045765","regulation of angiogenesis","18/220","319/28928",0.0564263322884013,7.4195497292676,10.092764496182,5.38999774980502e-11,1.46518105498866e-08,1.0553048225934e-08,"Prl2c2/Il1a/Adm2/Ptn/Adm/Cd40/Itgb2/Dcn/Camp/Smoc2/Cxcl10/Ccl5/Klf4/Hmox1/Ccl11/Mmp9/Ccl2/Hk2",18
"GO:0030595","leukocyte chemotaxis","16/220","243/28928",0.065843621399177,8.65783763561541,10.4940573466541,6.74914985798586e-11,1.69351744898076e-08,1.21976538324084e-08,"Ccl3/S100a8/Ccl8/Ccr1/Cxcl1/Ptn/Cxcl5/Itgb2/Cxcl10/Ccl5/Ccl7/Ppbp/Ccl11/Mmp9/Ccl2/F7",16
"GO:0050878","regulation of body fluid levels","19/220","373/28928",0.0509383378016086,6.69792834511333,9.69598391825962,8.90132891027294e-11,2.0740096360936e-08,1.4938170020849e-08,"Mmp13/Kng1/Kng2/Prl2c2/Il6/Kcnma1/Tpsab1/Thbd/Plek/Adm/Xdh/Prl2c5/Apln/F13a1/Abcb1a/Comp/F7/Hk2/Gla",19
"GO:0032496","response to lipopolysaccharide","21/220","476/28928",0.0441176470588235,5.80106951871658,9.24584567651069,1.25059182261079e-10,2.7196203502376e-08,1.95882171794195e-08,"S100a8/Nos2/Il6/Wfdc21/Il1a/Havcr2/Cxcl1/Slpi/Thbd/Cxcl5/Adm/Mmp8/Camp/Cxcl10/Trem2/Abcb1a/Ptgs2/Mgst1/Cd14/Ppbp/Ccl2",21
"GO:0097529","myeloid leukocyte migration","16/220","256/28928",0.0625,8.21818181818182,10.1550104665728,1.46241576490183e-10,2.98150014069361e-08,2.14744209688216e-08,"Ccl3/S100a8/Il1a/Ccl8/Ccr1/Cxcl1/Cxcl5/Itgb2/Cxcl10/Ccl5/Trem2/Ccl7/Ppbp/Ccl11/Mmp9/Ccl2",16
"GO:0045766","positive regulation of angiogenesis","14/220","184/28928",0.0760869565217391,10.004743083004,10.7267511411763,1.61276482447932e-10,3.09461109261856e-08,2.22891089054975e-08,"Prl2c2/Il1a/Adm2/Adm/Cd40/Itgb2/Camp/Smoc2/Ccl5/Klf4/Hmox1/Ccl11/Mmp9/Hk2",14
"GO:1904018","positive regulation of vasculature development","14/220","187/28928",0.0748663101604278,9.84423918327662,10.621648234797,1.99909631609551e-10,3.62280676839086e-08,2.60934677048256e-08,"Prl2c2/Il1a/Adm2/Adm/Cd40/Itgb2/Camp/Smoc2/Ccl5/Klf4/Hmox1/Ccl11/Mmp9/Hk2",14
"GO:0002237","response to molecule of bacterial origin","21/220","494/28928",0.0425101214574899,5.58969451601031,9.00720080170586,2.4596124480615e-10,4.22276621346138e-08,3.04147090530375e-08,"S100a8/Nos2/Il6/Wfdc21/Il1a/Havcr2/Cxcl1/Slpi/Thbd/Cxcl5/Adm/Mmp8/Camp/Cxcl10/Trem2/Abcb1a/Ptgs2/Mgst1/Cd14/Ppbp/Ccl2",21
"GO:0006959","humoral immune response","17/220","327/28928",0.0519877675840979,6.83591882123992,9.29082070070237,6.61672117003708e-10,1.07743709086255e-07,7.76030070930076e-08,"Ccl3/Kng1/Kng2/Wfdc21/Ccl8/Cxcl1/Slpi/Cxcl5/Adm/Camp/Cxcl10/Ccl5/Trem2/Ccl7/Ppbp/Ccl11/Ccl2",17
"GO:0097530","granulocyte migration","13/220","170/28928",0.0764705882352941,10.0551871657754,10.3658309471899,6.93629028452286e-10,1.07743709086255e-07,7.76030070930076e-08,"Ccl3/S100a8/Il1a/Ccl8/Cxcl1/Cxcl5/Itgb2/Cxcl10/Ccl5/Ccl7/Ppbp/Ccl11/Ccl2",13
"GO:0071621","granulocyte chemotaxis","12/220","138/28928",0.0869565217391304,11.4339920948617,10.7555044313258,7.27383667346745e-10,1.0785116013114e-07,7.76803993070782e-08,"Ccl3/S100a8/Ccl8/Cxcl1/Cxcl5/Itgb2/Cxcl10/Ccl5/Ccl7/Ppbp/Ccl11/Ccl2",12
"GO:0002687","positive regulation of leukocyte migration","13/220","180/28928",0.0722222222222222,9.49656565656566,10.0100770790594,1.40125514203847e-09,1.98734533623022e-07,1.43139655699308e-07,"Ccl3/Il1a/Ccr1/Ptn/Cxcl10/Ccl5/Trem2/Ccl7/Ppbp/Mmp9/Aoc3/Ccl2/F7",13
"GO:0002526","acute inflammatory response","11/220","122/28928",0.0901639344262295,11.855737704918,10.518634098491,2.56813673666311e-09,3.4905258479146e-07,2.51407070010178e-07,"Saa3/Hp/Serpina3n/Il6/Il1a/Saa2/Ccl5/Ptgs2/Ptges/Aoc3/Orm1",11
"GO:0010466","negative regulation of peptidase activity","14/220","242/28928",0.0578512396694215,7.60691209616829,9.03509626230566,5.74505254906265e-09,7.49614456601695e-07,5.39913991137172e-07,"Kng1/Serpinb2/Serpina3n/Serpina3m/Slpi/Serpina3i/Serpinb9b/Fetub/Ptgs2/Klf4/Serpinb9e/Serpina3g/Mmp9/Col28a1",14
"GO:0001906","cell killing","15/220","295/28928",0.0508474576271186,6.68597842835131,8.59299103108164,9.29673665233412e-09,1.16638288307361e-06,8.40093773603634e-07,"Kng1/Nos2/Kng2/Ccl8/H2-Q10/Havcr2/Cxcl1/Cxcl5/Serpinb9b/Camp/Cxcl10/Serpinb9e/Ppbp/Ccl11/Ccl2",15
"GO:0048245","eosinophil chemotaxis","6/220","22/28928",0.272727272727273,35.8611570247934,14.3192643819277,1.21794762054491e-08,1.47146116230278e-06,1.05982810489522e-06,"Ccl3/Ccl8/Ccl5/Ccl7/Ccl11/Ccl2",6
"GO:0051346","negative regulation of hydrolase activity","15/220","303/28928",0.0495049504950495,6.50945094509451,8.43953379433532,1.32943385377661e-08,1.54879043964975e-06,1.11552494798097e-06,"Kng1/Serpinb2/Serpina3n/Serpina3m/Slpi/Serpina3i/Serpinb9b/Fetub/Ptx3/Ptgs2/Klf4/Serpinb9e/Serpina3g/Mmp9/Col28a1",15
"GO:0045861","negative regulation of proteolysis","16/220","353/28928",0.0453257790368272,5.95992789080608,8.20788315256707,1.49406587610376e-08,1.68056651305189e-06,1.21043739944232e-06,"Kng1/Serpinb2/Serpina3n/Kng2/Serpina3m/Slpi/Serpina3i/Serpinb9b/Chac1/Fetub/Ptgs2/Klf4/Serpinb9e/Serpina3g/Mmp9/Col28a1",16
"GO:0031640","killing of cells of another organism","10/220","115/28928",0.0869565217391304,11.4339920948617,9.81446777390416,1.96034710955381e-08,2.06279105527888e-06,1.48573675671447e-06,"Kng1/Nos2/Kng2/Ccl8/Cxcl1/Cxcl5/Camp/Cxcl10/Ppbp/Ccl11",10
"GO:0141061","disruption of cell in another organism","10/220","115/28928",0.0869565217391304,11.4339920948617,9.81446777390416,1.96034710955381e-08,2.06279105527888e-06,1.48573675671447e-06,"Kng1/Nos2/Kng2/Ccl8/Cxcl1/Cxcl5/Camp/Cxcl10/Ppbp/Ccl11",10
"GO:0009636","response to toxic substance","13/220","234/28928",0.0555555555555556,7.30505050505051,8.47739698154134,3.28712979054069e-08,3.35081793023242e-06,2.41344529358119e-06,"Ccl3/Hp/Lcn2/S100a8/Gsta1/Mt2/Mt1/Cyp2f2/Ccl5/Abcb1a/Ptgs2/Ptges/Htr1d",13
"GO:0072677","eosinophil migration","6/220","26/28928",0.230769230769231,30.3440559440559,13.1040166740636,3.66390042345197e-08,3.62171005493949e-06,2.60855685650552e-06,"Ccl3/Ccl8/Ccl5/Ccl7/Ccl11/Ccl2",6
"GO:0071216","cellular response to biotic stimulus","16/220","378/28928",0.0423280423280423,5.56575276575277,7.82198185056775,3.86722480228824e-08,3.71026097207772e-06,2.67233614820661e-06,"Nos2/Il6/Il1a/Havcr2/Cxcl1/Cxcl5/Mmp8/Ddit3/Camp/Cxcl10/Trem2/Abcb1a/Ptgs2/Cd14/Ppbp/Ccl2",16
"GO:0030198","extracellular matrix organization","15/220","333/28928",0.045045045045045,5.92301392301392,7.90987644574276,4.63139100248102e-08,4.31645641431231e-06,3.10895179474816e-06,"Mmp13/Tnxb/Il6/Mmp3/Mmp10/Angptl7/Mmp8/Dmp1/Mfap4/Ptx3/Smoc2/Comp/Mmp9/Col28a1/Col8a2",15
"GO:0045229","external encapsulating structure organization","15/220","334/28928",0.0449101796407186,5.90528034839412,7.89334671864129,4.81690902206895e-08,4.36143543251075e-06,3.14134818334377e-06,"Mmp13/Tnxb/Il6/Mmp3/Mmp10/Angptl7/Mmp8/Dmp1/Mfap4/Ptx3/Smoc2/Comp/Mmp9/Col28a1/Col8a2",15
"GO:0043062","extracellular structure organization","15/220","335/28928",0.0447761194029851,5.8876526458616,7.87688390969612,5.00915522465944e-08,4.36143543251075e-06,3.14134818334377e-06,"Mmp13/Tnxb/Il6/Mmp3/Mmp10/Angptl7/Mmp8/Dmp1/Mfap4/Ptx3/Smoc2/Comp/Mmp9/Col28a1/Col8a2",15
"GO:0032963","collagen metabolic process","10/220","127/28928",0.078740157480315,10.353614889048,9.24781495923046,5.08076475890277e-08,4.36143543251075e-06,3.14134818334377e-06,"Mmp13/Tnxb/Il6/Mmp3/Mmp10/Mmp8/Mfap4/Mmp9/Ccl2/Adora2b",10
"GO:0010951","negative regulation of endopeptidase activity","11/220","163/28928",0.0674846625766871,8.87361963190184,8.82465250791714,5.33958105650836e-08,4.4660803605975e-06,3.21671927614754e-06,"Serpinb2/Serpina3n/Serpina3m/Serpina3i/Serpinb9b/Fetub/Ptgs2/Klf4/Serpinb9e/Serpina3g/Mmp9",11
"GO:0071222","cellular response to lipopolysaccharide","15/220","340/28928",0.0441176470588235,5.80106951871658,7.79555671948718,6.07915687412686e-08,4.95755243085045e-06,3.57070477448714e-06,"Nos2/Il6/Il1a/Havcr2/Cxcl1/Cxcl5/Mmp8/Camp/Cxcl10/Trem2/Abcb1a/Ptgs2/Cd14/Ppbp/Ccl2",15
