"feature","J_XYL_F_0001_01","J_XYL_F_0001_02","J_XYL_F_0002_01","J_XYL_F_0002_02","J_XYL_F_0003_01","J_XYL_F_0003_02","J_XYL_F_0004_01","J_XYL_F_0004_02","J_XYL_F_0005_01","J_XYL_F_0005_02","J_XYL_F_0006_01","J_XYL_F_0006_02","J_XYL_F_0010_01","J_XYL_F_0010_02","J_XYL_F_0012_01","J_XYL_F_0012_02","J_XYL_F_0013_01","J_XYL_F_0013_02","J_XYL_F_0015_01","J_XYL_F_0015_02","J_XYL_F_0016_01","J_XYL_F_0016_02","J_XYL_F_0018_01","J_XYL_F_0018_02","J_XYL_F_0020_01","J_XYL_F_0020_02","J_XYL_F_0025_01","J_XYL_F_0025_02","J_XYL_F_0031_01","J_XYL_F_0031_02","J_XYL_F_0032_01","J_XYL_F_0032_02","J_XYL_F_0034_01","J_XYL_F_0034_02","J_XYL_F_0036_01","J_XYL_F_0036_02","J_XYL_F_0043_01","J_XYL_F_0043_2","J_XYL_F_0044_01","J_XYL_F_0044_02","J_XYL_F_0045_01","J_XYL_F_0045_2","J_XYL_F_0046_01","J_XYL_F_0046_02","J_XYL_F_0047_01","J_XYL_F_0047_02","J_XYL_F_0048_01","J_XYL_F_0049_02","J_XYL_F_0050_01","J_XYL_F_0050_02","J_XYL_F_0051_01","J_XYL_F_0051_02","J_XYL_F_0053_01","J_XYL_F_0053_02","J_XYL_F_0057_01","J_XYL_F_0057_02","J_XYL_F_0058_01","J_XYL_F_0058_02","J_XYL_F_0059_01","J_XYL_F_0059_02","J_XYL_F_0060_01","J_XYL_F_0060_02","J_XYL_F_0061_01","J_XYL_F_0061_02","J_XYL_F_0062_01","J_XYL_F_0062_02","J_XYL_F_0064_01","J_XYL_F_0064_02","J_XYL_F_0065_01","J_XYL_F_0065_02","J_XYL_F_0066_01","J_XYL_F_0066_02"
"__",0.236512803781848,1.21242412107474,0.257967038935669,-0.0821621296732965,-1.13292519865383,0.100539177009526,-0.135483027947741,-0.0295257410172266,0.181983566789256,0.244320432626219,-0.527590407322038,-0.974676481080182,0.99075331049275,0.842867611864255,-0.857677971921539,-1.02128977552716,0.920437558455586,1.01137137414239,-0.165253745417213,-0.814228611670449,-0.112997001042868,0.568930092322201,0.50100058509038,-1.55547522126934,0.660665886101462,0.110772416062964,-0.072895160591944,0.33784328687332,0.0417564318020884,0.183043412795525,-0.0954067082609674,-0.289389365263315,-0.117372838552668,1.32261560893348,0.408829471842567,-0.468327076144841,0.526855189555555,-0.733323620606489,-0.464607965316816,0.151816918216462,0.687372862102191,0.217750271709538,0.443624007053426,0.622797387817086,0.764292156192238,0.529053168809988,0.650030497493834,0.456089469252218,0.692161718819154,-2.38497764679765,0.599255720750698,-0.716852414073447,-0.357613978274155,-0.0186148537977611,-1.68436560574799,0.516981786685344,0.290109994911795,0.403607628474549,-0.108150232114869,0.00336674977288522,0.70273279744646,0.613374523028882,-0.54529381749736,-0.245089975302162,-0.232044181777546,0.191965620866588,0.345214013851601,0.585433882369297,0.327579261785885,0.383365609905971,-0.136849784676368,-0.6512445747076
"s__",0.17901412960986,1.23571962205208,0.26965680383084,0.253657103891095,-1.41638083222904,0.58812264117193,-0.258279950594667,0.0817351587199663,-0.0752919017432719,0.406763949188892,-0.757723085025279,-1.05007882230106,1.21196264679943,0.942173697596949,-0.59104001976512,-0.738516122481782,0.961376222065164,1.00946241436818,-0.428100347423946,-1.04832589926404,-0.025147777507805,0.739927035830587,0.65531045147989,-2.00414857478935,0.751377137969456,-0.0497956049410123,-0.0968981496008746,0.191136016070791,0.0438174393346673,0.213335783580617,0.104843572371609,-0.318828497334639,-0.140598066856563,1.05706510667183,0.244534898253874,-0.791116915426217,0.713479644216757,-0.835751110599711,-0.691653867636815,0.0328231017197318,0.64250658019221,0.232842915012747,0.414661929204395,0.679926096620888,0.796448804992081,0.550520554399041,0.593631431814078,0.295493147832381,0.620969863138876,-2.73520115411369,0.340268703719107,-0.838987898326784,-0.0745361487577449,0.381835748307177,-1.96421378333183,0.504617196319003,-0.0802061930056294,0.142081365935838,-0.263257674002148,0.223542728149407,0.679513399615254,0.561602018097702,-0.738672804650892,-0.306455484592189,-0.240728802573497,0.349337808426742,0.17828537419696,0.609761067576107,0.55712555122592,0.280412202739931,-0.293961613437001,-0.577914512946718
"s__ramosum",0.0473285249017448,-0.0942056756039583,0.0060910980649318,-0.265388479802422,0.383924098317691,-0.210981067150886,0.245550852118779,-0.318170571542221,0.363080465742365,-0.132456537957841,0.209079839776043,0.059181201402085,-0.172971533984736,-0.117886605742149,-0.0522350006198888,0.0806300868270015,0.0884871958480142,0.0588874938295448,0.391606442380446,0.54719023425856,-0.0857423748216283,-0.241393585451825,-0.166757943413784,0.732999466808581,-0.147870182635242,0.167279024808792,-0.01472018748893,0.0143353140108171,-0.126330000897577,-0.125903173346838,-0.830877700936281,0.0019156709070034,-0.0617924197342296,0.0357040639874046,0.172874111700332,0.518319739620025,-0.342963489139899,0.263774408185175,0.371055213842137,0.156413481805608,-0.0428436352073507,-0.0953782693530116,0.0876186275438151,-0.079728482196511,-0.181570340681271,0.0231375548076328,-0.00100122906178787,0.229564502690744,-0.0178607693129055,0.454775683124523,0.458189437365022,0.264540644521061,-0.105958222049242,-0.419448268120639,0.379203339583992,0.00181933615218335,0.254982054860467,-0.167685082540531,0.102370751497599,-0.23341537721251,-0.177809931885344,0.0819065172494025,0.290711074640569,0.0576260456672948,0.149757254239828,-0.0550744788825936,0.0827367791673435,-0.127586456126571,-0.0517188635448333,0.284535634639049,0.107704994555399,-0.43021818118698
"s__prausnitzii",-0.0600539289214748,0.219025421146576,0.0831045538679532,0.609272376738592,-0.623879532107404,1.05978697441668,-0.141494269223194,0.0259706057084415,-0.322115383458793,0.34629752545472,-0.509204118392808,-0.328311001542012,0.603904660157544,0.317090164952166,0.451956490294063,0.561451445401749,0.34548754234261,0.234881331044064,-0.380954789289078,-0.316517283805266,0.12933319071061,0.346854863496589,0.349539018289878,-0.846262367049249,0.237990816623478,-0.246779018468805,-0.0843838110348617,-0.285458011806656,-0.0831462955593356,0.0139299532835352,-0.158161368161359,-0.126779815056392,-0.126899514342268,-0.372362790014562,-0.194313393673671,-0.490423017336869,0.29985824590575,-0.192524482362544,-0.366049654534605,-0.144735417263221,-0.0108429130369557,0.00642600546814775,0.0808225692183315,0.199890845889317,0.0880083801167757,0.172372054599998,-0.0145603305399647,-0.132906058951992,-0.0557391004055169,-0.975427368637154,-0.173524884898342,-0.237321607130001,0.547794314461408,0.663338003503437,-0.724754442986335,0.0704561276663261,-0.662153035776208,-0.694360414825435,-0.324933893724938,0.36520641264906,-0.0574007208150753,0.052955697167478,-0.359864458685405,-0.154453100549471,0.0480452248376503,0.382689163689899,-0.281734227592759,0.0754210416946221,0.58916102104274,0.0369881624023575,-0.331332504194157,-0.272549635740882
"s__gnavus",0.00694210433299581,0.198786280319986,-0.0210335216005028,-0.012078280186219,-0.357692537155158,-0.358980039025779,-0.300174961388356,0.458144177608013,-0.306847216842703,0.0134193626798345,-0.0691024518831622,-0.0351620316829783,0.02904943810373,0.109326999669276,-0.358628550681906,-0.657767648104424,-0.207819383428968,-0.0757404887386668,-0.368657639121027,-0.752661369634991,0.0260344905062053,0.230970201536431,0.105401909873668,-0.808462333854918,0.176286497694125,-0.0725195665464738,0.0654283691199327,0.221017923313221,0.251921097582057,0.211032142807451,1.3413447454245,0.0323643269755019,0.156942714426156,0.408175455369468,-0.0661292846122361,-0.538166333812415,0.408034771976923,-0.392907170860551,-0.396807489886811,-0.116165133691428,0.185160120520558,0.175619636659505,-0.111903773655313,0.0921784930765872,0.3424268806283,-0.0604655436227105,0.118305054629474,-0.184064236059966,0.177653879760523,-0.441017436296233,-0.478769600179436,-0.362015242748563,-0.257809435357553,0.195437321362633,-0.375517633053343,0.0364325189721161,0.0967143279144201,0.774202309004493,0.0404526949073098,0.113594752080189,0.42179942170472,-0.0570301984141236,-0.292956887384268,-0.0262568478424491,-0.295683122157726,-0.135791741675515,0.116599658721335,0.239710006162207,-0.253660081885624,-0.390233514894026,0.031858643996027,0.720049481789707
"s__distasonis",-0.0905117139979371,-0.170122287146773,-0.100256024167786,0.142544792414584,-0.122454507591356,-0.222751794689538,-0.319653106428836,0.534304042552222,-0.479973977100779,-0.00174461604174189,0.00786872344145338,0.246169924391028,-0.20176547279443,-0.116734376898655,-0.000364145851832859,-0.256573514204476,-0.497735296842249,-0.404314338989192,-0.435962023763248,-0.621205552737565,0.0973143162391385,0.126528153327795,0.00973237005334919,-0.524945694850797,0.00877756265271581,-0.17344228571452,0.0829806839567881,0.0680681706120584,0.252528744507952,0.175094275285656,1.51900688832881,0.115427297356701,0.193827741648471,-0.0959666042797883,-0.26359645470157,-0.54030640751777,0.332336405360438,-0.217969550535555,-0.355975661253291,-0.216553353378225,-0.0424943645947448,0.120877361591541,-0.27094614482428,-0.0805013836231896,0.127947579480718,-0.224809102212064,-0.105319234774105,-0.401419586439155,-0.0620353242897852,0.165171889398507,-0.795178587716331,-0.198302331368938,-0.0480923797417522,0.365390317432939,0.0367625512405491,-0.131963169418488,-0.133315841745067,0.585064929262503,0.0176473414553134,0.203004105976925,0.209926015549268,-0.276318369796496,-0.207923018059989,0.0272923600240147,-0.240188313837938,-0.143948381444423,-0.0519411562335618,0.0741237404600612,-0.283702668430556,-0.572960094232949,0.0170243492817372,0.994451591348735
"s__formicilis",-0.0279316839381147,0.0695660463155987,0.0121876546539504,0.202676509762976,-0.244068392305774,0.264056842954967,-0.111226462710027,0.116340147080534,-0.185618189595323,0.108074738228989,-0.163546841982474,-0.077451892537913,0.166812260650499,0.0963350450745861,0.101454499202973,0.074885575117773,0.0288617541857128,0.0191755262801736,-0.205385692162225,-0.246890973623018,0.0535597013792077,0.145637119555727,0.120095268986591,-0.405468638671875,0.0930723099254931,-0.103243209276032,-0.00981856186914616,-0.0570631092052234,0.0292892398223407,0.046242329604544,0.263281434867531,-0.0227653308228751,-0.000837048099801969,-0.0824405979079582,-0.0964754157489684,-0.268788053856259,0.172925414510995,-0.125398169301237,-0.194807951077889,-0.0812051653946289,0.0114917969508421,0.0341071040957648,-0.0172500758693522,0.06241624157913,0.0777252347526161,0.0216085360831896,-0.00376687653813258,-0.105445333403155,-0.00534379692456708,-0.329144441458317,-0.193267308467073,-0.133748215291441,0.136350139463436,0.266278372675221,-0.25924839348218,0.010815911878998,-0.209001720545331,-0.0667824499126229,-0.0940004151215947,0.14744187396912,0.050440899755439,-0.0206424721587428,-0.165327376426346,-0.0473787199403217,-0.0433691666847088,0.0875855119388659,-0.0804056594034648,0.0569423677859174,0.123165931858466,-0.0940561654751317,-0.0969540289971552,0.103484713960329
"s__mucilaginosa",0.126403846758724,-0.016623619643214,0.0707899181654229,-0.476596667119301,0.612212239953494,-0.189390055777308,0.539298572811134,-0.770137705550672,0.810950432337339,-0.190585988195896,0.294493411777768,-0.0716801986450907,-0.122176929462614,-0.0905703219495884,-0.0990042891498611,0.236485959940383,0.42940675454849,0.335970502863789,0.820615839188347,1.138812891812,-0.184401059270744,-0.415812131836544,-0.2417229439708,1.34453076068649,-0.209057087177408,0.347982515896218,-0.0695429069208944,-0.00778016783664059,-0.326733294080456,-0.279877148792796,-2.07985156558409,-0.0679930613727807,-0.202017880625127,0.13901398534584,0.413454589434148,1.0596969062333,-0.681914002923433,0.49556436706347,0.738407577070274,0.356571561358319,-0.0234248853126163,-0.203569519739484,0.291181001371056,-0.0590891852800613,-0.322499558015048,0.171652113490605,0.0727280686819182,0.575228270330553,0.0247445467230139,0.528193653348858,1.13706626514297,0.486267276618649,-0.140419760362813,-0.827785055250106,0.503662297902659,0.088332745917141,0.461139303421716,-0.562887147608076,0.140307363460244,-0.460125437348391,-0.363637553177136,0.289833716463693,0.534873319707524,0.064836104971799,0.350156176284342,0.00200244505101239,0.16064903374322,-0.216708764869417,0.0874641092260102,0.750059710841201,0.147897109069645,-1.20654918258495
"s__lenta",7.37298393899723e-05,-0.368953568442972,-0.0787266041798647,-0.347269524061225,0.652927081495981,-0.523521207050699,0.205398327048676,-0.166998128521772,0.270510552864587,-0.245300571759726,0.401204401249209,0.344936929868009,-0.509303344154899,-0.344873739195213,-0.0264571763112722,0.0330348310720893,-0.264951597253465,-0.256764365656671,0.3755193564408,0.559116775259312,-0.0699639601606001,-0.365324152894528,-0.314675373516335,0.998158064359785,-0.294821046262272,0.15603946426444,0.0383114891971045,0.0473182078747324,-0.0419639086835921,-0.105817290052815,-0.348153529408409,0.105324204038262,0.0388103561503231,-0.103340863208331,0.0805940954094955,0.541061472060037,-0.391566828191092,0.351592072486576,0.418407821591662,0.104295464301613,-0.153365863466902,-0.0942057653845528,-0.0726602630424339,-0.238203428655578,-0.27654084198421,-0.156721798477662,-0.123167855614588,0.0774272372642256,-0.124744517862758,1.06717702314601,0.181590306151971,0.365458779772917,-0.188307794878947,-0.458955427566548,0.796817716530013,-0.127234949185063,0.320694528382733,0.0936527327902834,0.195069947257598,-0.256638546539971,-0.208211915734457,-0.0986375536175091,0.390806794258846,0.135485638033259,0.104571845419625,-0.208893294633715,0.0795448105519256,-0.208921721317884,-0.310956641146599,0.0565315090268422,0.205848166747768,0.00948207617082286
"s__helveticus",-0.0832283636359571,-0.186130459305811,-0.0819424453686153,0.145795748599038,-0.0507193846480009,-0.091817393639675,-0.223706401249653,0.377168135082728,-0.369228914610002,0.00537906388485025,0.00715851697476909,0.215950614398637,-0.167625681047226,-0.117335643420958,0.0877641885161702,-0.0729669426840131,-0.386972643581184,-0.335188981794842,-0.318954632137438,-0.400331246327884,0.0842655675981184,0.073162084197371,-0.00370695845825904,-0.318342503047395,-0.0225874557054801,-0.14515419492035,0.0572919780260034,0.00574176611773992,0.168139548411075,0.110954347630483,1.05758173777839,0.091755050460657,0.134934194258953,-0.181166013041544,-0.224784579130705,-0.378728004526236,0.216715105608847,-0.115689091152176,-0.241851649919513,-0.17125283768894,-0.0768157496242601,0.0702175131517015,-0.213926243580426,-0.0849720099121148,0.0437112336687563,-0.181341496926067,-0.118453803479902,-0.320209579315925,-0.0937901042746215,0.211377994048417,-0.607792255829716,-0.10604132798486,0.0270446467914042,0.300866027327928,0.0910552785980421,-0.122428342509807,-0.156905702070929,0.335388436656702,-0.00203012314525727,0.16600822726566,0.0954690037738126,-0.230995766011891,-0.132514439437521,0.0253195849170027,-0.149011753726554,-0.0880523583095787,-0.0783861703959117,0.017324112882366,-0.181118634977392,-0.423869965115181,-0.000955172679042632,0.720839679028363
"s__copri",0.27310733543689,0.42848540613584,0.232509534221667,-0.643328321697788,0.490284185003875,0.0664373818247235,0.843626206262827,-1.33535795499939,1.35272919812237,-0.134703015375384,0.169697465965175,-0.544023619990546,0.30746657485609,0.217378429191208,-0.287221679617089,0.280232207911447,1.15288351945197,0.981706365208293,1.23984480813115,1.60885485190905,-0.310963349325603,-0.42256683091214,-0.14130195244209,1.55026865943019,-0.0725474713150522,0.553581145798185,-0.172433415708826,-0.00474659169534985,-0.581669891885269,-0.422649842659413,-3.68944079193011,-0.252529584588546,-0.430650660652818,0.530432029213953,0.77901793680208,1.52120815081652,-0.913188162779877,0.561840072914284,1.00806620609259,0.616364898932191,0.172408703589963,-0.282006826470209,0.672287549261974,0.162413775698128,-0.287889265735888,0.523393382070348,0.326031379640913,1.09536956984601,0.242035852013987,-0.170542287858854,2.10047702973078,0.535573006025083,-0.168512850150147,-1.21351660445453,0.0937033641229444,0.340252158015222,0.66398635399707,-1.08629190551526,0.097802988306437,-0.671413533153282,-0.428415726910445,0.713928542686936,0.631941738898799,-0.0177973969888541,0.550249774570326,0.195085119163053,0.290805477781246,-0.165218511628117,0.456707353018605,1.43368616219738,0.0997182226499261,-2.39010961818839
"s__muciniphila",-0.174728034554406,-0.178147425961782,-0.191807052211819,0.338456578901495,-0.519287239325117,-0.500703079791408,-0.798888332803097,1.28359757509775,-1.1287392520852,0.0476036824971582,-0.0889373665717706,0.404571781801387,-0.289856971566419,-0.117408285808667,-0.155037965894615,-0.802030919670444,-1.02128134596291,-0.780649375065257,-1.08901600156567,-1.65708115999627,0.21557037230498,0.418193750246094,0.123724323086656,-1.57343664423289,0.149663991175689,-0.401561435645611,0.185004225119971,0.223117391445304,0.61558352569431,0.457059601741871,3.64320288673003,0.221750663612073,0.443274387483018,0.0116544079826462,-0.561955346136545,-1.39964221062737,0.905886988433268,-0.667171398651849,-0.952271166327875,-0.496111181869401,0.0268946177929711,0.33270693923482,-0.568549869768411,-0.0734468172653674,0.454140147989844,-0.439642730736597,-0.131738680628938,-0.88445276648475,-0.0200814857340813,-0.0673951698133957,-1.80788046842474,-0.617374318619315,-0.174301749883051,0.888833399502702,-0.240882719240482,-0.219669824784685,-0.277877245250133,1.47570286814987,0.016776779475651,0.496348141412711,0.637849267609865,-0.549972700660941,-0.610277472567563,0.0170612535935344,-0.622271609601104,-0.304653112293547,-0.0648915879333013,0.290393817051113,-0.612742070626968,-1.30908941901327,0.00975786506413742,2.2713075634824
"s__ovatus",-0.0369812633106178,0.0141199986744806,-0.0951787838423827,-0.0484355928018042,-0.238593216498468,-0.646481480005078,-0.410497160855351,0.693766175838867,-0.476251257944231,-0.0612358876734896,0.0529115916971144,0.188277038410761,-0.222912721611718,-0.0467097866696101,-0.386201434137557,-0.808868710944469,-0.543255463047683,-0.355815365813385,-0.487943754984624,-0.927601897966848,0.0538352380297222,0.1944031437587,0.0202542957818721,-0.805893498774687,0.10052924545855,-0.113955755333549,0.121232056547242,0.280653585570232,0.376423712573287,0.276011412576638,2.05177425950297,0.122630675917077,0.272115320720288,0.351818528425972,-0.17428715893938,-0.667401639917392,0.473828922582493,-0.414028140351167,-0.465416370908018,-0.196787492734666,0.127751507740149,0.21566712815534,-0.27269168207769,-0.0146340945101029,0.339544052075008,-0.221424322945605,0.0356993658471007,-0.367036870664847,0.118967102645296,-0.0597206511040655,-0.838812806058705,-0.367625625340785,-0.352483756463536,0.245468659326828,-0.135701600456575,-0.0648743925381715,0.134085068958651,1.13092790517503,0.110541974701523,0.14116011686391,0.484101793869463,-0.225379175095276,-0.291849810346962,0.026852262760579,-0.397484014748432,-0.277071793083065,0.121625872796404,0.225470980196261,-0.500742862101039,-0.6746797350256,0.104453564831339,1.24874268926068
"s__fragilis",0.0745841456637634,-0.156448967301904,0.0177936013528113,-0.400276839416791,0.624738182985397,-0.251210164767466,0.423466843023375,-0.565139027005387,0.608098326371379,-0.198097271388628,0.318856765982298,0.0779450875490785,-0.248457696653254,-0.182642493830321,-0.029030259717953,0.223471999478653,0.188652933592143,0.121422543538014,0.656133383908703,0.9495788023803,-0.136391276849875,-0.396552342458124,-0.26204583546691,1.22691490965635,-0.243550683267988,0.268054677138718,-0.0355578187401538,-0.0125931028606944,-0.236223500736104,-0.225497257079941,-1.50268549475624,-0.00834771406270018,-0.124249898585027,0.00352632495400036,0.280815203088577,0.873047757670787,-0.583202457139908,0.456991769891216,0.624735004667921,0.260381879739214,-0.0859986765029661,-0.172256415665347,0.161020751609698,-0.125893427489898,-0.322978675661202,0.0557489117292238,-0.0112260072696107,0.388927219619943,-0.0467896946495723,0.724036346537716,0.790939300978654,0.452796966228421,-0.119469020350069,-0.66986816400074,0.610736166073402,0.00557873317330206,0.372880888210391,-0.387668838011276,0.145280431150092,-0.37340287169574,-0.332958339731197,0.145464037242721,0.482848429745725,0.0873710264799835,0.276134732853164,-0.0548268708097231,0.110005943771656,-0.22589664478799,-0.0256876572825043,0.508389378737372,0.1543859053471,-0.793801935631478
"s__longicatena",0.154296067969809,0.021054299077294,0.064247060032889,-0.622568405212345,0.656695333433688,-0.462394033194587,0.534951344698694,-0.733195465136122,0.865490053053087,-0.255086632562556,0.374991926958354,-0.0548228958603802,-0.20210791502642,-0.105098323346125,-0.286468976774496,-0.0145497778490935,0.381876603147215,0.331889063834025,0.862995175846975,1.0922193746571,-0.21801910534008,-0.440871755439329,-0.283470578356083,1.37234685961902,-0.209200006707789,0.403964271665727,-0.047896824774913,0.0985352322418445,-0.280723945518517,-0.252169146077471,-1.91833248089465,-0.0520823308296466,-0.164206607572817,0.339341879451405,0.474881788973915,1.09358224776561,-0.681315396211888,0.460049198154574,0.757654113094995,0.387160276328771,0.0360440968755071,-0.175615176396434,0.286840438879335,-0.0608005455860726,-0.266102415839455,0.15610167818145,0.124429173453786,0.61373125796394,0.0940810357100433,0.574472120420025,1.16434315963773,0.46499599690173,-0.311776848419544,-0.962394710642513,0.538362245920493,0.104970743245043,0.63929610805532,-0.304953450425134,0.212854153409375,-0.532880867466047,-0.269558241838918,0.306863416936114,0.558231924786566,0.0839171944967296,0.297177518129947,-0.0883577473977159,0.25636308011445,-0.177549443145494,-0.0541732997531288,0.725298134051742,0.219452801017698,-1.11068717310149
"s__longum",-0.199026913343387,-0.212693803769925,-0.139329718062688,0.585236415469422,-0.528406419036417,0.1756579833631,-0.64145983901852,0.964308665553508,-1.03177545279626,0.178597281130419,-0.249166024066242,0.282977210646503,-0.0552011778324055,-0.0558775038775543,0.264604340716706,-0.127511850213462,-0.719448736206134,-0.615497088343995,-0.977125918971161,-1.2559270906254,0.245682452115613,0.399101935594107,0.19461513879733,-1.35402688981213,0.12869422040733,-0.444522557455689,0.103513388157404,-0.041694885643643,0.402756178361625,0.314338434574217,2.61613230742325,0.143390066129001,0.278543960801749,-0.403805530720723,-0.583450198494804,-1.21460120772348,0.740408816215091,-0.474101459018099,-0.81975259525334,-0.46685689337521,-0.0978170080690599,0.213093680555163,-0.448344235244583,-0.0496958860232331,0.256778451425185,-0.318814946241287,-0.210587051967199,-0.79625710918897,-0.156972056854625,-0.177710175537157,-1.5214444249643,-0.463803192555826,0.219734680403218,1.00902695902058,-0.286904390710131,-0.208717491047236,-0.602441860946396,0.654074960751709,-0.142020403384239,0.558464735895982,0.325191761231737,-0.477039234120218,-0.551363014492348,-0.0292839968731944,-0.395286926777972,-0.0531613431077081,-0.253129078384162,0.15858293147869,-0.192952393207216,-1.00736690984609,-0.145906866034581,1.63525480076762
"s__adolescentis",-0.414330781814867,-0.584766861335992,0.0822024478260375,2.12000547750123,-0.621871034019554,3.92968551126494,0.0473035937691631,-0.501555938461,-0.821093983940359,0.925951402869733,-1.14972858469796,-0.204783985131261,1.11852717534796,0.182056628918115,2.73051765518497,3.6381542776526,0.634537318593745,0.00988903797436549,-0.634106218897865,0.656914110875534,0.494403674907388,0.355460108154203,0.59141728228474,-0.394272385118982,-0.0138732649080397,-0.822040980993964,-0.306100406672114,-1.54082496913432,-0.651023158279874,-0.39463552806309,-2.242045927248,-0.215904071980326,-0.532053497151984,-2.9336885657539,-0.913490772575889,-0.509972466433498,-0.00212937512303087,0.518635220779309,-0.287613694722956,-0.458640570032323,-0.879059742271407,-0.402265104219907,0.0356606418723398,0.004458979146906,-0.8265071814774,0.198261050297617,-0.769584712993581,-0.591522654124791,-1.0229359285467,-0.599625046833754,-0.45613012571197,0.313539830019768,2.48245798615966,1.96739493967552,-0.457339788905875,-0.261125689599626,-2.58976731350318,-3.70303590240263,-1.04468348092448,1.06335248749109,-1.36469712301388,-0.277721061438964,-0.336277956223679,-0.268034522496927,0.757210845969248,1.29256247543195,-1.3948957662056,-0.576118526605555,2.02196317684332,0.314425790500178,-1.02968238544708,-1.31035523526961
"s__D168",0.0128556125808635,-0.0921752060375719,0.00164341510267574,-0.0981830427545461,0.230069053782185,-0.0189072322722562,0.149714807905445,-0.202752606549025,0.190509026885674,-0.0573470620151366,0.101457706328067,0.0456394480535245,-0.0884513834989391,-0.0790429023652471,0.0583162623532098,0.165132226176974,0.0550114865183245,0.0186700535552579,0.218365963112179,0.357271855246563,-0.035550534422034,-0.143274653940367,-0.0912186463903537,0.451112566085557,-0.0992933894419633,0.0750932727069494,-0.0160020772308381,-0.0395139926451548,-0.0938431406563379,-0.0888472363905521,-0.554875478236002,-4.57040225998392e-05,-0.0495219453282817,-0.0814173405464846,0.0709931765414013,0.302214376077193,-0.212906558491186,0.183406287653926,0.220615836040213,0.0779683911876092,-0.0610645543467844,-0.0714574863973728,0.0458362821563115,-0.0575987292921457,-0.143468009959836,0.0105260457298001,-0.0325218411734136,0.112840298944943,-0.0502377853776712,0.293484430972223,0.250317886491687,0.17793630523861,0.0112579887946448,-0.195150871049644,0.240878260820642,-0.014632134596324,0.0756106312164532,-0.208571622952321,0.0339200975112163,-0.109691617914307,-0.155054214563821,0.0309992788294757,0.17277341754834,0.0309522470304815,0.11385174636997,-0.000310278159099057,0.00510820611616225,-0.101481128128886,0.0195643747150024,0.171741573244241,0.0379819608226802,-0.281514927392676
"s__parainfluenzae",0.12002519721102,0.0946350728680286,0.0202100461492509,-0.530197489249573,0.34621014779765,-0.683369632261419,0.222119898743197,-0.252761783841159,0.474797664383729,-0.221288676042253,0.297303400791262,-0.00884389482154534,-0.214222431320387,-0.0583806493372278,-0.47004577240796,-0.467485492605623,0.0953676664587456,0.152196127063796,0.446796843329668,0.378306493333642,-0.155912104609398,-0.226850545040811,-0.189270408027952,0.620392322748961,-0.0807873866170665,0.276175928630593,0.0165257723958694,0.236573906796034,-0.0394152859547556,-0.0573392370185113,-0.546503016197497,0.00120404517941253,-0.00589653350938541,0.522944577172997,0.321168003407185,0.527029396748611,-0.286206060320955,0.12514441787086,0.355474399725244,0.224461411343477,0.131727360489515,-0.0231798121052241,0.123474528082385,-0.0198173039705819,-0.00353053143264601,0.0482168684203045,0.155686362574579,0.341410660770577,0.174472002506319,0.294493549108386,0.562398693554877,0.152818544267563,-0.4447432323815,-0.656382955812938,0.26906760823068,0.0829837297604231,0.597761026673645,0.33171184792771,0.219351988528985,-0.360075205862288,0.0608926475163219,0.172688005960362,0.275074803412939,0.0664712391096534,0.0312545876166469,-0.195700326865604,0.286298074995867,0.00152007860250859,-0.269787590309426,0.276394972383991,0.220012580145231,-0.321423022713194
"s__viridiflava",0.000500394037596334,-0.0524983075253918,-0.0184035621484654,-0.0704591547900029,0.090939961529265,-0.145189077346214,0.00702437218236957,0.0187695629360344,0.0188347153676708,-0.0476649169851359,0.0727698582249603,0.0659828460900392,-0.0994471151920741,-0.0573829642525387,-0.0448847900709054,-0.0667785702327563,-0.0775584436460508,-0.0610505047882925,0.0331850973490313,0.0270062527890611,-0.010840517616944,-0.0472992488579768,-0.0513745263955445,0.10909809688295,-0.0395762323668188,0.0227170894924775,0.0151537798989604,0.0340850073717276,0.0201820699034809,0.00263725049608212,0.0830148666761907,0.0250294859686103,0.0256982442832881,0.0240526362953626,0.00802906576397495,0.0473149075143686,-0.0323748857221185,0.0263910789205602,0.0389178193689866,0.00740027370225425,-0.0104182762285339,0.000886635703019603,-0.0277472659963629,-0.0377943040898332,-0.0172070276552736,-0.0387666590890669,-0.0119426424968928,-0.00604967351384234,-0.00557368970833511,0.165620732181463,-0.0189316385381242,0.0326396362705154,-0.0663281475230376,-0.0692376505698518,0.118291512456364,-0.0218766606249642,0.0745057238135511,0.106027538527661,0.0435977146902452,-0.0382446284730918,0.00549607420915506,-0.0269112525651939,0.045310035410288,0.0243281390068781,-0.0124318873317931,-0.0572815124337789,0.0286437111700005,-0.0151652156721508,-0.0911706602570428,-0.0335233831779219,0.0448064002994018,0.0844578641323522
"s__dispar",0.0297264753435616,0.0376481994953769,-0.0662519171147482,-0.308988064954247,0.0187163976413983,-0.843971104989914,-0.193485314510465,0.395008535811102,-0.118487902425686,-0.165040029814374,0.203117453100313,0.15552731277615,-0.2972306176736,-0.0807310153427875,-0.519514536944222,-0.835092239081797,-0.37849486360626,-0.20894258694615,-0.135521875357091,-0.491879835771768,-0.0377379905122509,0.0196779815519895,-0.0914747400770615,-0.261355560954302,0.0224141802301481,0.0543914111331325,0.101595375810602,0.328459105718818,0.263751063706761,0.175953123664385,1.27218066167611,0.0986534672201593,0.205001350165293,0.512411967279867,0.0265846107692189,-0.224414964202895,0.201242045127945,-0.235435788425204,-0.160227301188857,-0.0357417304538706,0.152284790036841,0.147301414139376,-0.150610802972541,-0.0325643972409446,0.241316825488852,-0.152224315094789,0.0956720233286233,-0.109680082430413,0.167625919268866,0.149998127350759,-0.355158956573151,-0.186325772606562,-0.489968275158606,-0.152890260250359,0.0667061668611197,-0.015580526991708,0.404938881515332,1.01985607342181,0.198891701551332,-0.0791965773326362,0.385095705525942,-0.0924583106107169,-0.0689433989947829,0.0590788578461572,-0.280464255102423,-0.314214352211019,0.233660326529398,0.160831874131426,-0.524192178484665,-0.374754111535145,0.195144075311582,0.79076733425375
"s__aerofaciens",-0.0707276460973154,-0.038984576201965,0.00323392839046728,0.357941682191334,-0.227175170365264,0.534629104093294,-0.10277802903274,0.086310845455506,-0.256950214931124,0.160174884032216,-0.215986502994757,-0.0370898394910471,0.190445867007872,0.0624654931983938,0.34107058837412,0.385715082050058,0.0200274707577824,-0.0380781461110671,-0.244283942672015,-0.160552911932555,0.0953345268427826,0.140665889913971,0.13466361949833,-0.352344452853554,0.0561750491104836,-0.168585398455068,-0.0268848339336903,-0.183836767888458,-0.0171845194435337,0.00963749163653292,0.120873643877555,-0.0214385018569079,-0.030656761050072,-0.362415537234685,-0.185151277130058,-0.283152704101582,0.146444750781471,-0.0503695691937611,-0.192355483448674,-0.123414923791187,-0.0883494027317848,-0.00531221437074803,-0.0408158903212558,0.0282419099020994,-0.0213807436731369,0.00520586196176365,-0.0942865802848043,-0.174927581190983,-0.115749475218891,-0.240449198931934,-0.263779456948807,-0.0739667556994326,0.330868476925735,0.40888475609601,-0.199568351269381,-0.0367249679916017,-0.408714516948445,-0.3462224886875,-0.161791664920261,0.223826774954608,-0.0827528502264149,-0.075631283993643,-0.160866653769448,-0.0527738112549185,0.0210573859585461,0.167427112305503,-0.19812382830822,-0.0151157695781574,0.246160681200231,-0.0967922034845187,-0.162126923059596,0.053442947605533
"s__plebeius",0.105444411685374,0.0341269916184178,0.0688009389432293,-0.353711730261092,0.425528905726131,-0.0945530952855137,0.421585728110122,-0.617750858827248,0.639844499798745,-0.127890381663525,0.194464808300737,-0.103525918540237,-0.0374416565222415,-0.0312292762971138,-0.081860757383898,0.188184402824609,0.389942435943506,0.311970581917993,0.634207323237286,0.873557852535224,-0.144749772740025,-0.298959236073048,-0.161105633398232,0.989323475807089,-0.135848480705055,0.269956722015408,-0.0623378194502264,-0.0108262599635555,-0.265301196033306,-0.218479315148371,-1.6805142052209,-0.0697392135943408,-0.172191645643702,0.131955351443235,0.334111591940917,0.811443253932793,-0.516236388551121,0.365999855140306,0.560041975801675,0.283322084072031,0.0011700981255442,-0.15657480401517,0.251141000335509,-0.0185558136204547,-0.231524444446407,0.162450065361669,0.077047416181581,0.468538127570536,0.0376720605997241,0.302619527843944,0.921724367739012,0.356726405184086,-0.0952435574406932,-0.630940212265005,0.316738245324984,0.0899692440956119,0.344797012810421,-0.475473335128703,0.0926960825536826,-0.350479804023902,-0.273859100535767,0.253697452233155,0.394569176877144,0.0367860376249688,0.276615392544713,0.0270105988896908,0.124786527983593,-0.15259345763657,0.110275093506858,0.615438595226101,0.0976024160483511,-1.00197973000131
"s__producta",-0.0237344219682206,-0.0729370681994962,0.00276808894894432,0.101010784289629,0.0377893426252144,0.229760214013016,0.0456168386499551,-0.0858861823803817,0.00151405083804959,0.0372694453468083,-0.0356313797767917,0.0102324660995388,0.0326439541665758,-0.0194935573669756,0.188837585662033,0.274548613383476,0.0439607131229562,-0.00452827500612377,0.0239781338496753,0.146523563995154,0.0210119862182849,-0.0240544550695297,0.00520171418485781,0.116876952479016,-0.0350075014671932,-0.0297326536917565,-0.0220674162826553,-0.10690120836521,-0.0654729150052771,-0.0501300033441842,-0.287113939439977,-0.0100366730639413,-0.0444541915041401,-0.21215544869305,-0.0393896790620825,0.0577005804000948,-0.0643569932928218,0.0893198967833128,0.048454202631027,-0.00752977546137469,-0.0766700417966321,-0.0461326646615994,0.0103048135744685,-0.0219922838362719,-0.0970816603007116,0.00943785477949424,-0.0618229698634951,-0.00896209071659909,-0.0823659718381221,0.0693928065299109,0.0357278716254354,0.0753221722635884,0.155842091105094,0.0643861337677049,0.0562673567799361,-0.0249860015771938,-0.137580145550885,-0.284175612250415,-0.0522628965965442,0.033497852244482,-0.131982234905771,-0.0143452296685571,0.0331229436381865,-0.00504668637806971,0.0793180740430518,0.0755913515510463,-0.0858732569275007,-0.0686149624459831,0.123514544230148,0.0624742566660245,-0.0499469477219576,-0.149917907274338
"s__yabuuchiae",0.0325484049917066,-0.238718312730555,-0.0481912434404386,-0.385300027423945,0.563073687131967,-0.534454513624353,0.216174273472274,-0.204729317030682,0.330683830758622,-0.231243000760494,0.362589893969458,0.238428239019817,-0.413159010023452,-0.259957971296336,-0.131303244188483,-0.0764023096798274,-0.148791597379886,-0.133289054073229,0.398560735683369,0.52382085995169,-0.0922708983391811,-0.325437387752009,-0.274601974804692,0.896999881882248,-0.234245874506331,0.186862967349675,0.0282703200418643,0.0879258456471955,-0.0507701765772468,-0.0982043686701639,-0.448843617988531,0.0720072142618788,0.0185356127241081,0.0535602430444991,0.146535229116682,0.542665281570836,-0.3675143247584,0.295114778654931,0.40457993292395,0.138716303615173,-0.0784140118482503,-0.0792838617489745,-0.0118389367552499,-0.174669068951219,-0.20763009890471,-0.0929496200870932,-0.0480265616205576,0.154964728336071,-0.0465514350759398,0.83995879542319,0.300353904455911,0.31096317556521,-0.241041075306298,-0.506236654592215,0.642599272312247,-0.0671772780650556,0.381666844684242,0.122170187599856,0.193535015004827,-0.281361412658224,-0.146047320309717,-0.0187857271057358,0.358973404339235,0.113301109000079,0.0938699039155809,-0.192543987100321,0.128384100429531,-0.154896319048233,-0.278510053349538,0.131608618265859,0.201565022045575,-0.112360523073709
"s__bromii",-0.0271794593560101,-0.108815694480237,-0.0218051488625895,0.0415475740743707,0.0769703454316929,0.0441312226374142,0.00290051916431617,0.00911779511225987,-0.0392200250513287,-0.00566352359801821,0.0248768503130398,0.0804255628516715,-0.0670334230623778,-0.0669229977880241,0.107955083097393,0.127453481264524,-0.0764850991859787,-0.0903960387427643,-0.00789252102777613,0.0574460779981071,0.0187950829598052,-0.0362889330587177,-0.0305487788060494,0.102983270192373,-0.0521036788834296,-0.0254751148233859,0.00343924414403574,-0.0475849020976736,-0.00619458238872882,-0.0156167136077184,0.0147847748695081,0.0227148266115392,0.00655859691349253,-0.15019818641652,-0.0527375653005335,0.0150832155836935,-0.0327797519502517,0.0597294325090219,0.0229652556697481,-0.0244969472102598,-0.0683377614571325,-0.0199076349463691,-0.0416742805831488,-0.0512157960388646,-0.0691060015385974,-0.0447911718273461,-0.0654441814749559,-0.0553761653445399,-0.071357325585204,0.18373370151732,-0.0751315485478526,0.0559259335464183,0.0635685200007051,0.0401990066944941,0.127139042099856,-0.0481510956676829,-0.0646423241016687,-0.0709476171181817,-0.00641096463199917,0.0208139451764321,-0.0700121713335076,-0.0598353897265051,0.0325454700827892,0.0161097281192543,0.0231042916968466,0.000100668370717379,-0.049200196667095,-0.0527275385729371,-0.00354968653518384,-0.0408261748262572,-0.00394154258387344,0.0584622628445084
"s__biforme",-0.00594886902718677,-0.0242881123873565,-0.0623768844652297,-0.13922012469648,-0.0147477742192434,-0.528869917412232,-0.185334254984824,0.351022412101363,-0.182922753536472,-0.0941868971649254,0.118138135562749,0.150406809617245,-0.219502504549743,-0.0766646160383017,-0.289203814883281,-0.527850782964383,-0.336235126369151,-0.218678913292892,-0.180618484639366,-0.42331813612613,0.00262042672210041,0.039426556966588,-0.0509856276716949,-0.267680889651153,0.0122703646674681,-0.0115741479287903,0.0774151570447509,0.199942058724203,0.209053346415079,0.140482717094431,1.08192526467939,0.0843775326280994,0.162453810730576,0.260283329484878,-0.0500364242309793,-0.254634404252458,0.191298687472942,-0.1822305041041,-0.174145623047713,-0.0728210084868709,0.0728957711867638,0.111177329517579,-0.151633777395786,-0.0400211826840055,0.163746686788649,-0.141748995678604,0.0260530616509057,-0.160069194497628,0.0768040479393772,0.133030797140073,-0.39353769981625,-0.149924202383403,-0.285930788281915,0.00203376159232898,0.0526424108675531,-0.0424643792387018,0.194656231936465,0.713204454903804,0.116556934828521,0.00431218982501837,0.26461275090704,-0.120838851913214,-0.0868336035636879,0.0407231684534168,-0.214778348961844,-0.212167995362512,0.117677752977818,0.106165654302179,-0.364468434284419,-0.350249512571098,0.114404956290562,0.686809894463877
"s__reuteri",0.0326893869412376,-0.0894953699153033,0.0104538129129773,-0.176801557441431,0.31484442442905,-0.0731679634223232,0.220299727087097,-0.30039819221138,0.303475304164433,-0.0892563498149448,0.148601758856735,0.037333841508034,-0.112488124301345,-0.0919804375988057,0.0245232975251659,0.168652884694374,0.107174523002158,0.0632389374452703,0.331064537174514,0.501942922534805,-0.0635669139376779,-0.200435967160421,-0.127254019474455,0.630416939584805,-0.126439111234972,0.127091604419358,-0.022898941522387,-0.0288834120223322,-0.131971927408335,-0.122666053454811,-0.811952416429946,-0.00750153332096348,-0.0721875013756236,-0.0406481028204229,0.13241618655102,0.445333767560514,-0.30244257494925,0.244465853125074,0.319779836990603,0.128398196205827,-0.0572960213597398,-0.0951597830036029,0.084083352282704,-0.065155009159045,-0.179431321737291,0.0318579457623561,-0.0169291308139583,0.193172453910495,-0.0390508618409508,0.366519279908401,0.403658084267166,0.239311628226433,-0.0259277188462572,-0.318833661501633,0.309907903356666,-0.00084002731895081,0.15579066279746,-0.254828837382526,0.0601539260234314,-0.178209321044966,-0.192435838859176,0.0714808766313872,0.245474459599447,0.041390054697688,0.154192205289747,-0.00962846959669666,0.0368234133970821,-0.125462796222182,0.0161006207857596,0.268287907653298,0.0650910168012608,-0.430820617279016
"s__uniformis",-0.0360579890188477,-0.0225732447202514,-0.0405481659915699,0.0729183913668036,-0.13451572036296,-0.120566091879867,-0.18569056581061,0.29556157534724,-0.255456662397879,0.0128183096814772,-0.0259841894669936,0.0794176621728313,-0.0544165303554692,-0.0152447499086381,-0.0527117872142008,-0.205392463178375,-0.222732093475737,-0.16501239197811,-0.251623387106081,-0.39377944593809,0.0470757505165875,0.103666469623293,0.0345803165623328,-0.383318008399049,0.0438913896902714,-0.0892931647263589,0.0420264728016415,0.0588347303834958,0.143264891314554,0.108392694423977,0.840154312792602,0.047216943036185,0.101163395368048,0.0267600334720483,-0.121740807521668,-0.327594463782073,0.2158140164116,-0.164794057318426,-0.225078621540068,-0.111080248492555,0.0175658517855727,0.0803137473806407,-0.124423339882776,-0.00797706739471112,0.116800543454942,-0.0938491089483056,-0.019631252854478,-0.195772409178717,0.00708672405883403,-0.0485882203539543,-0.406260225699274,-0.15274999005588,-0.0495462405309173,0.200629863356073,-0.0786927406561645,-0.0426435534599333,-0.0551899365722977,0.351543110069357,0.00414079396496267,0.11229595654297,0.159098584961728,-0.117172482953855,-0.147522600014737,0.000883604904683921,-0.147713058397046,-0.0695595648119551,-0.00753018916141157,0.0761547415598751,-0.139728185632131,-0.296028210584306,0.00208991958788626,0.515157789462592
"s__caccae",-0.00710821501128405,-0.0954658628975641,-0.0309969705612939,-0.0804114539852514,0.132452681974477,-0.186300937521694,0.00241850031306329,0.0388729470056735,0.00540629247472987,-0.0637140134475831,0.10077828504284,0.10898204335456,-0.149034906199366,-0.091895298493864,-0.0363346277345061,-0.0668994124431525,-0.12915710475272,-0.108254477995812,0.0317743921301714,0.0330179476235529,-0.00804014110294114,-0.0666555609703616,-0.0735034550909365,0.152373249778094,-0.0625537967329752,0.0204562046656094,0.0225051632834996,0.0363359492451263,0.0310108173196011,0.00425103774269022,0.147069198787183,0.0402248368913822,0.0395452114551428,-0.00201923529951725,-0.00657416487461864,0.052678375541061,-0.0415946375491175,0.0420177206739474,0.0475784908568664,-0.000418681204298456,-0.0288985901722648,-0.000193750398495349,-0.0513416160219719,-0.0620980475610447,-0.0340157590996874,-0.065371559397696,-0.0317471271000326,-0.0287717763794549,-0.0236290455871166,0.259291990067759,-0.0588929181217705,0.0498716209402695,-0.0748124275969607,-0.0739351627821662,0.182462387467556,-0.0417802339898361,0.0811124342337732,0.137746143960054,0.0562306559763493,-0.041102325494374,-0.00254259516473802,-0.0541585151499043,0.061383324187415,0.0358881572952431,-0.0170366259755208,-0.0784098447572222,0.0260882979019012,-0.0291673717863418,-0.126836083978749,-0.0657255161627578,0.0583160730247151,0.145935809732562
"s__formicigenerans",-0.0338649574736423,-0.0711811071509924,-0.00248005189236372,0.140466667671244,-0.0118364855914768,0.248671409862163,0.00324398472540977,-0.0260062576357333,-0.062771948576181,0.0533647197039549,-0.0603470026747893,0.0148103965263516,0.0442093139574381,-0.011480376715508,0.198623751715395,0.258793869346667,0.0117090389136508,-0.030003162243063,-0.0411757844050917,0.0571550942012328,0.0358790564254014,0.00941119939847544,0.0251911884206841,0.00967247238573749,-0.0180544053374557,-0.057764305481573,-0.0169840687480593,-0.107556441862605,-0.0404645571479289,-0.0284167752996957,-0.126310599891034,-0.00516996435423705,-0.029245551820726,-0.224885493038078,-0.0723932187876495,-0.0263427805708319,-0.0104148375700303,0.0503396128692602,-0.0101585498357267,-0.035832899957003,-0.0751292260982087,-0.0303830888589508,-0.0121188028534156,-0.0168171488265749,-0.0719613582903539,-0.0033719123307108,-0.0677462218708289,-0.054289842936501,-0.0847448825776307,0.0253035376211681,-0.0534122397597748,0.0368782230174835,0.169056474590387,0.1312907684798,0.0148485013621385,-0.0317342555659031,-0.176119102417388,-0.243413650607553,-0.0644169896757782,0.0706681504432814,-0.104231380166053,-0.0368336756942539,-0.009642517863745,-0.0106140335523862,0.0524159759553852,0.0769046461105313,-0.0995868548658949,-0.0516941254849206,0.118977181787532,0.00428457744444077,-0.0627059302396837,-0.0571559681489966
"s__obeum",-0.000281551017503986,-0.0526900769898616,-0.0331542710379902,-0.104431537395004,0.0796379102238567,-0.277721790155228,-0.0422976222026044,0.109945174571557,-0.0292542774557202,-0.0696372365457956,0.0990677253860951,0.0995024317561419,-0.149695518625155,-0.0723572080764719,-0.12180753626828,-0.205944389344873,-0.159516040177386,-0.112540199793595,-0.0160412215218407,-0.0877869408115366,-0.0101035258365558,-0.0331644742301452,-0.0610085524349274,0.029342208538274,-0.0325582971840016,0.0191531211127282,0.0346000471435292,0.0862842047848675,0.0743242886886293,0.0399774914941214,0.363021999535618,0.0451783174560617,0.0668683904710577,0.0957897788770183,-0.00402889479842632,-0.0228986010716456,0.0208382939008862,-0.0249030864069526,-0.00984891409474788,-0.0114723092676595,0.0114234508906546,0.0307310205837163,-0.0648993988263109,-0.044683275713238,0.0289807990806663,-0.0726012726435021,-0.00244615645651367,-0.0462338780547161,0.0171161202557152,0.18586817757378,-0.119325312742402,-0.0103782613564168,-0.139854140871227,-0.0660142474008151,0.121709111675897,-0.0303958210498577,0.123551082972989,0.290141042394292,0.0720552521978627,-0.0355821500913432,0.0770159341473684,-0.0554512961823397,0.0189061654990724,0.0332101142161403,-0.0690246960508692,-0.109977051330257,0.0595183058379865,0.0152433347398945,-0.181987423009432,-0.122716677089915,0.0725549634099576,0.258952905995546
"s__torques",-0.00471856780566093,-0.0568315479352881,-0.00720277716585449,-0.0164278944816828,0.0831103919643315,-0.00236230283519946,0.0367591595778433,-0.0439846624609075,0.0351858254137733,-0.0186535248242263,0.0364234087579543,0.0386592649541134,-0.047376778677132,-0.0420634400456992,0.0415000346936229,0.0707709225308146,-0.0145597611372825,-0.0259476341148298,0.0518041683762999,0.102956677962528,-0.00380635447852455,-0.0477386760860401,-0.0340737755456769,0.144181588392513,-0.0413095463805721,0.0121074273811369,-0.00169805701093889,-0.0205203377969408,-0.0225103388940051,-0.025305748966819,-0.120990674246368,0.00832303982013922,-0.00796678562884657,-0.060595221523891,0.00225053197266879,0.0792563567638844,-0.0621201284095709,0.0624369189344045,0.0616040378733822,0.0119553747871505,-0.034804250045065,-0.0225499693911442,-0.00312644060015742,-0.0310620316129218,-0.0550113553399504,-0.0131741089066386,-0.027332883752674,0.0103703054462718,-0.0327572078577491,0.134161328668649,0.0362898499139226,0.0605059036068441,0.0160782540026056,-0.0396648911787087,0.102044776307321,-0.0188622693766628,0.00475767252173014,-0.0619876209980268,0.00935269821324533,-0.0227571634807059,-0.0563627485845338,-0.0117848549295826,0.0534986872850875,0.0137104431603203,0.0326570008651141,-0.00420604459245382,-0.0108230514395867,-0.0402325605616743,-0.0030135674124987,0.0264816202933341,0.0111097143173296,-0.0436907559397611
"s__eutactus",-0.0234294355586328,-0.0835939459250479,0.00753548037215857,0.10752454809323,0.0619152810707349,0.278436648777775,0.0750467459977169,-0.134219673998478,0.0320902749273229,0.0408101400639492,-0.0367697818287737,0.00418876003226289,0.0420649163576639,-0.0222853633793776,0.225172399614214,0.342400774642602,0.0754574132728608,0.0125873536475641,0.0581586203842724,0.217451343837293,0.0187244525511337,-0.0412726523610999,0.000806706424806389,0.183612290413876,-0.0468627440477995,-0.0236690055358437,-0.0302756046814689,-0.130657697077008,-0.0925826021760108,-0.0710366578926503,-0.430913159454537,-0.0166300068765701,-0.0630334542147169,-0.249801056544412,-0.0314732945513815,0.10667697827935,-0.101006591177491,0.123988303137767,0.0837119750227177,0.00439310432048699,-0.0916483240447142,-0.0631350027668627,0.0259097421599707,-0.0255860178162734,-0.127203146314845,0.0210634252105496,-0.0700308990910588,0.0123140586867251,-0.0969462140936743,0.0904523157228732,0.0887124514980976,0.106414243102559,0.185845411627946,0.0499333046207142,0.077563129186811,-0.0246447058968293,-0.152119477620255,-0.369791268433329,-0.0603625022923264,0.0250003033591848,-0.172287937924735,-0.00364489783750793,0.0569239461104338,-0.005411525176514,0.109420066876004,0.0948786250472655,-0.098517662818557,-0.0892265497599695,0.158136144128456,0.10664343336559,-0.0573952171820978,-0.232979802285226
"s__parvula",-0.10233073808719,-0.301040266334348,-0.0884848653298761,0.182535422076585,0.0809329186965378,0.0435718752594252,-0.145288718886945,0.263055350815536,-0.317059955765704,0.00322406480541574,0.0332761813703175,0.269308122497937,-0.207464362300406,-0.182098546546816,0.253294525760213,0.184228145723549,-0.374068433934712,-0.366827980741706,-0.232445642028187,-0.172803176632836,0.0906133151882743,-0.00450341803976552,-0.0449730605409021,-0.0559572504783644,-0.0970099979939559,-0.144994979351733,0.0410710481616895,-0.0848983774947094,0.0972597107118807,0.0464219662134135,0.7130364375717,0.0952766495389399,0.096045460542323,-0.384145557797528,-0.24207766056727,-0.235427961460591,0.0941495555603455,0.020713231684796,-0.129083305328084,-0.157659400465499,-0.166830695849428,0.012258564995808,-0.208728898530722,-0.137355299748119,-0.0865913925298742,-0.190237284249303,-0.189258572302574,-0.307362842686408,-0.1842878551756,0.424625048695874,-0.530280944372122,0.0193481996687397,0.140624182739118,0.283186890157702,0.256352318364058,-0.160145696596222,-0.230524434177725,0.0800678395709961,-0.0209988699556912,0.153906808625576,-0.0581810436625088,-0.251549876970112,-0.0410602231984477,0.0398133223759166,-0.0569188806299471,-0.0471350972810773,-0.142604719434712,-0.0763350470076603,-0.108685708883051,-0.345868528935363,-0.0162666104531087,0.563876245218134
"s__palleronii",0.0411503187346873,-0.00860196631713329,0.0193593418117912,-0.165881986231649,0.203251591292076,-0.0942880531423507,0.167608184759384,-0.233905510433914,0.25720856235054,-0.0690054788860413,0.105201183547523,-0.0134353563654048,-0.0548473525937554,-0.0356842617721757,-0.0488046576533804,0.0482277856487071,0.12082056021074,0.0967756736971973,0.261018140939575,0.352749686164761,-0.060708515821095,-0.136023219657603,-0.083705724687174,0.431098681674001,-0.0693491818061091,0.114308101448307,-0.0183042375146466,0.00886584648541411,-0.0957299349629866,-0.0844997121240273,-0.623696019483755,-0.0170813569236047,-0.057017866076677,0.0596876547763736,0.133276540710121,0.336138665699172,-0.214979328750665,0.15413745186171,0.234609246613461,0.113448461178755,-0.00435073402446267,-0.0610411222505759,0.0867207808034744,-0.0227853849195491,-0.0980124033430007,0.0476401187800287,0.0247291846316768,0.180193605587968,0.0118147564895027,0.185955706058726,0.352014477727185,0.152961573092049,-0.0629970889027402,-0.273769708317385,0.172096480154537,0.0259959537424112,0.16378302824727,-0.1443581755147,0.0535138132856972,-0.152004592637791,-0.105536939056978,0.0878762643732879,0.172566680364948,0.024213129541249,0.103399657864977,-0.0122288489090308,0.0596926293650595,-0.0661892787189073,0.00679974479462453,0.226824534323943,0.0559363679441049,-0.35747845989953
"s__mucosae",0.012433175468898,-0.00915289869379628,-0.017523940283069,-0.112789547004723,0.0606109837741225,-0.243319298050484,-0.0168803550923856,0.0598243715261639,0.0157580822831711,-0.0606032580283913,0.0817773121012381,0.0526488900391039,-0.103641186847258,-0.0404373381301482,-0.134744886213099,-0.197228296930173,-0.0901656089300235,-0.051202790003876,0.0169834811981275,-0.0503399998702771,-0.020119973518457,-0.0293039601962182,-0.0476528818101569,0.0365803162281894,-0.0169976208499159,0.0349371701748964,0.0244271972468396,0.083880268567651,0.0507583241310832,0.0276329189349267,0.217763170957202,0.0270027271342542,0.0449752099208572,0.128272033134348,0.0269468167484535,0.0123324703193889,0.00413107654716342,-0.0219913841284803,0.00963863565686844,0.0102972889045247,0.0296075745045837,0.0240809254414147,-0.0295147518564918,-0.0220086917952348,0.0339648642062038,-0.0387356588648918,0.0207724539031741,-0.000760230602142808,0.0367318219913739,0.110083836100816,-0.0346156049836455,-0.00944365170414331,-0.136865540101813,-0.0932224363829924,0.0752405464881232,-0.00654423210801273,0.134811882965348,0.23647867757971,0.0646135051185503,-0.0504487789383727,0.0714921000803907,-0.0163277364688597,0.0229816457431091,0.0238699404226964,-0.0509616224718339,-0.0883880638666626,0.0684914960544638,0.0213736613835065,-0.14229626801722,-0.0609246381255115,0.0645027071662277,0.149728963228481
"s__putredinis",0.00499558779682738,0.0505619819069237,-0.00054574345215266,-0.00738107671571966,-0.0744504929775507,-0.0683752381370594,-0.053399449808447,0.0794026302901277,-0.0488134728319116,0.00350501779292132,-0.0161799928818847,-0.0178584404286555,0.015167130405504,0.0290009094854315,-0.0779171987150797,-0.133225873342315,-0.0254604792356712,-0.000354148244778724,-0.0641723530134775,-0.140931871252852,0.00206154489207429,0.0461273215054125,0.0232124408408003,-0.157703921130588,0.0386216999713751,-0.00942040547792744,0.0109508226371347,0.0453405715278442,0.0451452901530308,0.039371294904567,0.233920510043015,0.00236906118252665,0.0265811072534249,0.092676863232989,-0.00439860611189138,-0.0973654691346407,0.0767604956170328,-0.0777910793279097,-0.073465393627136,-0.0171414932641129,0.0422264636584683,0.0337341009591874,-0.0137449783071254,0.0236502896819842,0.070121910871258,-0.00415815311334347,0.0300439455667904,-0.0247296564274178,0.0412861586135067,-0.104525974925674,-0.0738709940921276,-0.0718601996316794,-0.0538119480564077,0.0293987747596589,-0.0847639011959967,0.0132747889908896,0.0254868480765296,0.145625291855853,0.00770389235587968,0.0174271244572893,0.0840800419482849,-0.00155023919902691,-0.0565259387108642,-0.00704800640431447,-0.0552696985716089,-0.0235424487239188,0.0271877679858759,0.0497149388445861,-0.0435751289931653,-0.0629119173452231,0.00583619432417462,0.118259755967923
"s__citroniae",-0.00969769368570192,0.00399821483510705,0.00500199293031115,0.064458850540157,-0.0462292782220017,0.110540392904958,-0.010982941817832,0.000481512438278917,-0.0342817854474178,0.0323015750247798,-0.0447723094975406,-0.01972346093331,0.0481122529156876,0.020042807649387,0.0613798442789985,0.0768331397600797,0.023691713354163,0.010139469427854,-0.0349953301677539,-0.0166909017476521,0.0149033385499641,0.0264001250130931,0.0283869076647289,-0.0605734076002412,0.014093305593996,-0.0267855404591425,-0.00807331020423488,-0.0357808896056857,-0.0106816996340333,-0.00242465593693475,-0.0227530295381206,-0.00914212235866237,-0.0123660228921799,-0.0601489975349877,-0.0257008288449192,-0.0409799832119167,0.0211147503412458,-0.00707555159673162,-0.0289476416980899,-0.0165442621737619,-0.0121558475044568,-0.00350203802705577,0.00259773618252711,0.0111749566366294,-0.00392362026423981,0.0105591134238163,-0.0116148418316843,-0.0193366027897245,-0.0168389707564552,-0.0640646726829398,-0.0239267710861274,-0.0121390387914013,0.0634909770122276,0.0679498245977597,-0.0485964578171949,-0.000395812569837957,-0.0734461686853484,-0.082336658311468,-0.0323699529187849,0.0371784415948998,-0.018571608614034,-0.00306973964910997,-0.0277349654875095,-0.012316913971933,0.0100513417290171,0.0376952358618682,-0.0348996984957921,-0.00204460187229578,0.0578254835807428,0.000528456921558923,-0.0325681116736201,-0.0229802843453255
"s__bifidum",-0.0587594254628397,-0.233015422565964,-0.0893170653346773,-0.0177599962252467,0.138398069027797,-0.300380816125376,-0.133107716054547,0.27976818094982,-0.215996196390492,-0.0794707244662301,0.134563433587793,0.269963953534806,-0.293287155341925,-0.18826773610887,0.00153053313117746,-0.136912619965536,-0.400481305632084,-0.341157541359478,-0.152381136988415,-0.20303936359005,0.0400146625968948,-0.0407608445060243,-0.0967001465408268,0.000385208904770451,-0.0930192137371557,-0.0606152109377296,0.0640310192469423,0.0528267356194181,0.142971151489707,0.0737161834411404,0.834509049413604,0.107268745357582,0.133341625901088,-0.106540716173238,-0.143128823231383,-0.162499235046263,0.0790895968753596,-0.0181967353535378,-0.0861786808872994,-0.103726746062703,-0.0815010708486154,0.0433180158160791,-0.195294282625916,-0.130426861235595,-0.0147873969870565,-0.193606542505591,-0.110671773542705,-0.229998692670965,-0.0848401109856432,0.458591046835399,-0.443402737218183,-0.00193601840911879,-0.08366201839066,0.0850989636793387,0.287691818764901,-0.126887462845659,0.012886425739109,0.386496734613618,0.0722715659829851,0.0466123326172635,0.0577393371619591,-0.208584454968317,-0.00206648476090761,0.0614702575746801,-0.113844037651369,-0.155711375065538,-0.0116475511733493,-0.0252214402427213,-0.275264131627917,-0.34182416339014,0.075537648279503,0.626267678997255
