"sample","Axis1","Axis2","group","method"
"J_XYL_F_0001_01",-0.328648305277667,0.00775014888627556,"IBS_before","PCoA"
"J_XYL_F_0001_02",-0.211787390769012,0.230420678400752,"IBS_after","PCoA"
"J_XYL_F_0002_01",0.0981848483903552,-0.042777062290406,"IBS_before","PCoA"
"J_XYL_F_0002_02",0.175774856858272,0.0432797602793545,"IBS_after","PCoA"
"J_XYL_F_0003_01",0.0698634231590621,-0.0976080491540215,"IBS_before","PCoA"
"J_XYL_F_0003_02",0.051728676079415,-0.255069447045246,"IBS_after","PCoA"
"J_XYL_F_0004_01",0.18536949077046,0.0446101067307157,"IBS_before","PCoA"
"J_XYL_F_0004_02",0.162282648169846,0.0522092484160556,"IBS_after","PCoA"
"J_XYL_F_0005_01",0.0820830975977613,-0.134011463491164,"IBS_before","PCoA"
"J_XYL_F_0005_02",-0.0469033610515884,0.0290563779936972,"IBS_after","PCoA"
"J_XYL_F_0006_01",0.118946676041303,0.0609152106120969,"IBS_before","PCoA"
"J_XYL_F_0006_02",-0.085540808362599,-0.217827579231127,"IBS_after","PCoA"
"J_XYL_F_0010_01",0.0400444747287859,0.13377992017463,"IBS_before","PCoA"
"J_XYL_F_0010_02",0.230298894988352,0.139239174719697,"IBS_after","PCoA"
"J_XYL_F_0012_01",-0.0550409384136705,-0.342722577457499,"IBS_before","PCoA"
"J_XYL_F_0012_02",-0.0152897357813462,-0.458532275979191,"IBS_after","PCoA"
"J_XYL_F_0013_01",0.124176662759506,0.0418045582809615,"IBS_before","PCoA"
"J_XYL_F_0013_02",0.174831425372134,0.19905399055482,"IBS_after","PCoA"
"J_XYL_F_0015_01",-0.17446409088012,-0.068034014798624,"IBS_before","PCoA"
"J_XYL_F_0015_02",-0.0599491628126447,-0.272733632222264,"IBS_after","PCoA"
"J_XYL_F_0016_01",-0.192162493712606,-0.0716935117567623,"IBS_before","PCoA"
"J_XYL_F_0016_02",-0.0657991700470507,-0.0985773916212523,"IBS_after","PCoA"
"J_XYL_F_0018_01",0.140875402590011,0.0901154722187575,"IBS_before","PCoA"
"J_XYL_F_0018_02",-0.0538822686453799,-0.25659791136407,"IBS_after","PCoA"
"J_XYL_F_0020_01",0.207663119232466,0.0895794041884672,"IBS_before","PCoA"
"J_XYL_F_0020_02",-0.163474681749921,-0.0911673226694902,"IBS_after","PCoA"
"J_XYL_F_0025_01",-0.154036606156374,-0.032941424247229,"IBS_before","PCoA"
"J_XYL_F_0025_02",-0.0671049228834698,0.100760214726218,"IBS_after","PCoA"
"J_XYL_F_0031_01",0.204847133355925,0.147984304945348,"IBS_before","PCoA"
"J_XYL_F_0031_02",0.14495427429067,0.109465926455449,"IBS_after","PCoA"
"J_XYL_F_0032_01",-0.0334443017573811,-0.157625331245763,"IBS_before","PCoA"
"J_XYL_F_0032_02",0.0707254781855458,0.0347536865734763,"IBS_after","PCoA"
"J_XYL_F_0034_01",-0.0149708506406131,0.124833290122823,"IBS_before","PCoA"
"J_XYL_F_0034_02",-0.288350426791099,0.101805613339222,"IBS_after","PCoA"
"J_XYL_F_0036_01",-0.0314545561101509,-0.0315172263060297,"IBS_before","PCoA"
"J_XYL_F_0036_02",-0.0676731992665386,-0.198180156416599,"IBS_after","PCoA"
"J_XYL_F_0043_01",0.0855533975193309,0.15830644063165,"IBS_before","PCoA"
"J_XYL_F_0043_2",-0.0597303423884288,-0.189793851205639,"IBS_after","PCoA"
"J_XYL_F_0044_01",0.0467297157653953,0.101502433560856,"IBS_before","PCoA"
"J_XYL_F_0044_02",-0.106206143521711,0.045457626913848,"IBS_after","PCoA"
"J_XYL_F_0045_01",-0.468983202262161,0.124645997497372,"IBS_before","PCoA"
"J_XYL_F_0045_2",-0.432183785423565,0.128644299341377,"IBS_after","PCoA"
"J_XYL_F_0046_01",0.0900156915164997,-0.0224373880684221,"IBS_before","PCoA"
"J_XYL_F_0046_02",-0.0195924154903836,0.132211072927085,"IBS_after","PCoA"
"J_XYL_F_0047_01",-0.0881330186651587,0.20616793611436,"IBS_before","PCoA"
"J_XYL_F_0047_02",-0.00306938205091099,0.0789208644832809,"IBS_after","PCoA"
"J_XYL_F_0048_01",-0.48794623199213,0.145078193931203,"IBS_before","PCoA"
"J_XYL_F_0049_02",-0.0790117016138114,0.0404487193354637,"IBS_after","PCoA"
"J_XYL_F_0050_01",-0.377486992194191,0.116632667291759,"IBS_before","PCoA"
"J_XYL_F_0050_02",-0.178322995218989,-0.154602550790321,"IBS_after","PCoA"
"J_XYL_F_0051_01",-0.343532892524422,0.15046696957378,"IBS_before","PCoA"
"J_XYL_F_0051_02",0.178666496391993,-0.0799270564442731,"IBS_after","PCoA"
"J_XYL_F_0053_01",0.104501827690538,-0.024233046947005,"IBS_before","PCoA"
"J_XYL_F_0053_02",0.0932748956895241,-0.161077538943947,"IBS_after","PCoA"
"J_XYL_F_0057_01",-0.285101453738038,0.0178893333093273,"IBS_before","PCoA"
"J_XYL_F_0057_02",-0.0561187108085488,0.00769844826941958,"IBS_after","PCoA"
"J_XYL_F_0058_01",-0.349828558298563,0.0887195487846751,"IBS_before","PCoA"
"J_XYL_F_0058_02",0.0567467669922272,0.0219396287596275,"IBS_after","PCoA"
"J_XYL_F_0059_01",0.107851775172885,-0.00272991989942668,"IBS_before","PCoA"
"J_XYL_F_0059_02",0.104485841415519,0.0422728035392978,"IBS_after","PCoA"
"J_XYL_F_0060_01",-0.103096008298342,-0.0261761701592102,"IBS_before","PCoA"
"J_XYL_F_0060_02",0.176252819239729,0.176990103157693,"IBS_after","PCoA"
"J_XYL_F_0061_01",0.250398494180827,0.101575468908826,"IBS_before","PCoA"
"J_XYL_F_0061_02",0.0914351670483295,-0.0867613160333873,"IBS_after","PCoA"
"J_XYL_F_0062_01",0.184799499101479,0.0297006916673526,"IBS_before","PCoA"
"J_XYL_F_0062_02",0.18453849840667,0.0240219784334643,"IBS_after","PCoA"
"J_XYL_F_0064_01",-0.320530893967193,0.14252134475688,"IBS_before","PCoA"
"J_XYL_F_0064_02",-0.320148176145359,0.0451912903599061,"IBS_after","PCoA"
"J_XYL_F_0065_01",0.109196432243009,0.0743373632505491,"IBS_before","PCoA"
"J_XYL_F_0065_02",0.126733690874027,0.0756360479525951,"IBS_after","PCoA"
"J_XYL_F_0066_01",-0.222439604645673,-0.0748972501663708,"IBS_before","PCoA"
"J_XYL_F_0066_02",0.0723985724033983,0.00114003201731081,"IBS_after","PCoA"
"K_XYL_F_0001_01",-0.274735675527833,0.0397245042378605,"UC_before","PCoA"
"K_XYL_F_0001_02",0.0346290561273647,0.322373896095038,"UC_after","PCoA"
"K_XYL_F_0002_01",-0.377509508775689,0.129611219632806,"UC_before","PCoA"
"K_XYL_F_0002_02",0.0120589269988082,0.295662382910976,"UC_after","PCoA"
"K_XYL_F_0003_01",-0.0780543503456986,-0.193441277569132,"UC_before","PCoA"
"K_XYL_F_0003_02",-0.395195821241814,0.0868573196841322,"UC_after","PCoA"
"K_XYL_F_0004_01",-0.295777374976384,0.0677277839688543,"UC_before","PCoA"
"K_XYL_F_0004_02",-0.186931584961987,0.276060873591287,"UC_after","PCoA"
"K_XYL_F_0005_01",-0.0519746211211479,-0.195350613675235,"UC_before","PCoA"
"K_XYL_F_0005_02",0.291379021113727,0.135187423785387,"UC_after","PCoA"
"K_XYL_F_0007_01",-0.0995774489361951,0.0729784212137659,"UC_before","PCoA"
"K_XYL_F_0007_02",-0.0165260323466824,0.0823635696722872,"UC_after","PCoA"
"K_XYL_F_0008_01",-0.080815125168211,-0.108287180843618,"UC_before","PCoA"
"K_XYL_F_0008_02",-0.262082955913177,-0.036274400065668,"UC_after","PCoA"
"K_XYL_F_0009_01",0.038561224590723,-0.210992816123798,"UC_before","PCoA"
"K_XYL_F_0009_02",0.0592397899414147,0.0529629691386437,"UC_after","PCoA"
"K_XYL_F_0009_03",0.212314126949239,-0.140639813202353,"NA","PCoA"
"K_XYL_F_0011_01",0.029909322199208,-0.0576631051394691,"UC_before","PCoA"
"K_XYL_F_0011_02",0.157183615633607,-0.0341883066810508,"UC_after","PCoA"
"K_XYL_F_0012_01",0.174496115656349,0.0401882234225657,"UC_before","PCoA"
"K_XYL_F_0012_02",0.0859414654327832,-0.338398989269693,"UC_after","PCoA"
"K_XYL_F_0013_01",-0.365180366833741,0.035998941238387,"UC_before","PCoA"
"K_XYL_F_0013_02",0.0803421344450779,-0.268926597097957,"UC_after","PCoA"
"K_XYL_F_0017_01",0.124374150810506,0.190943574906024,"UC_before","PCoA"
"K_XYL_F_0017_02",-0.0884262321922414,0.176455317084263,"UC_after","PCoA"
"K_XYL_F_0018_01",0.119306917695962,-0.0106795787428482,"UC_before","PCoA"
"K_XYL_F_0018_02",-0.0454739590193285,0.0153596693830193,"UC_after","PCoA"
"K_XYL_F_0022_01",0.196517090740078,0.0494087215900581,"UC_before","PCoA"
"K_XYL_F_0022_02",0.030069649638171,-0.369868518440106,"UC_after","PCoA"
"K_XYL_F_0028_01",-0.0243617858249763,-0.145888460281217,"UC_before","PCoA"
"K_XYL_F_0028_02",0.153656786840129,-0.035722124596817,"UC_after","PCoA"
"K_XYL_F_0030_02",-0.0199503914269391,-0.228715052658963,"UC_after","PCoA"
"K_XYL_F_0030_03",0.332416877440144,0.199900459026752,"UC_before","PCoA"
"K_XYL_F_0033_01",0.298074432258916,-0.00699590976448805,"UC_before","PCoA"
"K_XYL_F_0033_02",0.257212937344301,0.00204927738972551,"UC_after","PCoA"
"K_XYL_F_0035_01",0.150260488605382,0.0170921408019055,"UC_before","PCoA"
"K_XYL_F_0035_02",-0.0653676531490999,0.0428994323678763,"UC_after","PCoA"
"K_XYL_F_0035_03",-0.0360203514314077,-0.0480523762748214,"NA","PCoA"
"K_XYL_F_0036_01",0.0406082028410099,0.0702874472777802,"UC_before","PCoA"
"K_XYL_F_0036_02",0.226675503159347,0.0349857064410831,"UC_after","PCoA"
"K_XYL_F_0037_01",0.00174904211032561,-0.468772768193063,"UC_before","PCoA"
"K_XYL_F_0037_02",0.0804863513991249,-0.389064711236426,"UC_after","PCoA"
"K_XYL_F_0038_01",0.0587201651343207,0.197616886028504,"UC_before","PCoA"
"K_XYL_F_0038_02",0.210544349985086,0.202275422256693,"UC_after","PCoA"
"K_XYL_F_0039_01",0.13800401789831,0.122238318722894,"UC_before","PCoA"
"K_XYL_F_0039_02",-0.440806877753903,0.107715574242982,"UC_after","PCoA"
"K_XYL_F_0042_01",0.151377266742839,-0.261627193747695,"UC_before","PCoA"
"K_XYL_F_0042_02",0.0398464888090967,-0.399874975869426,"UC_after","PCoA"
"K_XYL_F_0043_01",0.221972550542456,0.152961988017612,"UC_before","PCoA"
"K_XYL_F_0043_02",0.32276892817715,0.175499038197077,"UC_after","PCoA"
"K_XYL_F_0044_01",0.30085371887531,0.123266057441023,"UC_before","PCoA"
"K_XYL_F_0044_02",0.294147815446402,0.117919056992423,"UC_after","PCoA"
"K_XYL_F_0045_01",0.033287356240995,-0.10300543161023,"UC_before","PCoA"
"K_XYL_F_0045_02",0.172494192580052,0.132053714985172,"UC_after","PCoA"
"K_XYL_F_0046_01",0.0268101372541244,-0.170209908958981,"UC_before","PCoA"
"K_XYL_F_0046_02",0.150089097287958,0.166718427794005,"UC_after","PCoA"
"K_XYL_F_0047_01",0.119375884823365,0.0127283961996995,"UC_before","PCoA"
"K_XYL_F_0047_02",0.0999729615311893,0.0380583916146999,"UC_after","PCoA"
"K_XYL_F_0048_01",-0.200308387061458,-0.0701671060174775,"UC_before","PCoA"
"K_XYL_F_0048_02",-0.0574420411568802,-0.102605257725769,"UC_after","PCoA"
"J_XYL_F_0001_01",-2198.21543184602,-1443.92535284619,"IBS_before","PCA"
"J_XYL_F_0001_02",-5763.6292441262,3782.83140413901,"IBS_after","PCA"
"J_XYL_F_0002_01",778.657200998763,-682.29696166736,"IBS_before","PCA"
"J_XYL_F_0002_02",1695.3630390502,804.648944975906,"IBS_after","PCA"
"J_XYL_F_0003_01",590.712337527989,-1163.61294490727,"IBS_before","PCA"
"J_XYL_F_0003_02",730.169238767846,-4526.1121485449,"IBS_after","PCA"
"J_XYL_F_0004_01",1612.01203819839,159.186065261862,"IBS_before","PCA"
"J_XYL_F_0004_02",1618.87228769125,-180.696660360295,"IBS_after","PCA"
"J_XYL_F_0005_01",1081.94655930966,-1718.21573763598,"IBS_before","PCA"
"J_XYL_F_0005_02",-717.118937970867,-13.0572130236579,"IBS_after","PCA"
"J_XYL_F_0006_01",1172.13006287849,223.04221765748,"IBS_before","PCA"
"J_XYL_F_0006_02",-68.1241917324401,-2272.84543096612,"IBS_after","PCA"
"J_XYL_F_0010_01",301.664347727156,1368.33749706245,"IBS_before","PCA"
"J_XYL_F_0010_02",3097.06688335521,2709.75787741187,"IBS_after","PCA"
"J_XYL_F_0012_01",98.1474647046072,-5531.07844224962,"IBS_before","PCA"
"J_XYL_F_0012_02",395.792509994194,-6009.09904923189,"IBS_after","PCA"
"J_XYL_F_0013_01",1240.33986813705,341.051189677779,"IBS_before","PCA"
"J_XYL_F_0013_02",2868.24273458139,3205.88959517789,"IBS_after","PCA"
"J_XYL_F_0015_01",-1148.02514955341,-1252.69997887875,"IBS_before","PCA"
"J_XYL_F_0015_02",113.235887081865,-2844.1343603375,"IBS_after","PCA"
"J_XYL_F_0016_01",-1713.01198631672,-1388.09809881485,"IBS_before","PCA"
"J_XYL_F_0016_02",-60.7322880827314,-1452.53006538593,"IBS_after","PCA"
"J_XYL_F_0018_01",1444.08875902909,1197.3369587907,"IBS_before","PCA"
"J_XYL_F_0018_02",650.691929614317,-3204.47495183064,"IBS_after","PCA"
"J_XYL_F_0020_01",2121.49817228847,1358.07607041471,"IBS_before","PCA"
"J_XYL_F_0020_02",-1011.21668527262,-1588.6018105944,"IBS_after","PCA"
"J_XYL_F_0025_01",-1196.97749441423,-1023.20740562374,"IBS_before","PCA"
"J_XYL_F_0025_02",-1060.39606487937,741.926417828707,"IBS_after","PCA"
"J_XYL_F_0031_01",3196.13685551689,2897.24981541362,"IBS_before","PCA"
"J_XYL_F_0031_02",1625.27151816174,1153.42929044409,"IBS_after","PCA"
"J_XYL_F_0032_01",43.9989168649641,-1984.95238064963,"IBS_before","PCA"
"J_XYL_F_0032_02",543.366581492043,-25.7331139830717,"IBS_after","PCA"
"J_XYL_F_0034_01",-488.939093840552,1008.62618110368,"IBS_before","PCA"
"J_XYL_F_0034_02",-5045.94343740041,1654.39315887682,"IBS_after","PCA"
"J_XYL_F_0036_01",-282.781832243144,-625.781811035276,"IBS_before","PCA"
"J_XYL_F_0036_02",14.6222330136627,-2199.0088992813,"IBS_after","PCA"
"J_XYL_F_0043_01",955.927211407885,1949.06347689451,"IBS_before","PCA"
"J_XYL_F_0043_2",-119.614304113193,-2187.4958748869,"IBS_after","PCA"
"J_XYL_F_0044_01",595.472775994867,514.474656796903,"IBS_before","PCA"
"J_XYL_F_0044_02",-769.210259659477,-211.879121874697,"IBS_after","PCA"
"J_XYL_F_0045_01",-7091.3004682138,1218.00433717111,"IBS_before","PCA"
"J_XYL_F_0045_2",-11399.3720083171,3813.61963396244,"IBS_after","PCA"
"J_XYL_F_0046_01",789.44554539548,-434.154409703606,"IBS_before","PCA"
"J_XYL_F_0046_02",-571.577689889786,1188.78049966762,"IBS_after","PCA"
"J_XYL_F_0047_01",-1702.57484265776,2092.29127545325,"IBS_before","PCA"
"J_XYL_F_0047_02",-132.340054158357,383.324308630935,"IBS_after","PCA"
"J_XYL_F_0048_01",-6846.12469411334,1003.25082984426,"IBS_before","PCA"
"J_XYL_F_0049_02",-988.876326914519,58.1814976860019,"IBS_after","PCA"
"J_XYL_F_0050_01",-6179.27567577703,1795.25196771706,"IBS_before","PCA"
"J_XYL_F_0050_02",-1033.7553630536,-3599.6521383926,"IBS_after","PCA"
"J_XYL_F_0051_01",-5845.97515229446,2177.86997009224,"IBS_before","PCA"
"J_XYL_F_0051_02",1666.21190645604,-1295.75670810577,"IBS_after","PCA"
"J_XYL_F_0053_01",886.726533264982,-192.281565149374,"IBS_before","PCA"
"J_XYL_F_0053_02",836.001721388793,-1568.21806012343,"IBS_after","PCA"
"J_XYL_F_0057_01",-1995.76843376714,-1001.88558470854,"IBS_before","PCA"
"J_XYL_F_0057_02",-556.91698262379,-315.283408359396,"IBS_after","PCA"
"J_XYL_F_0058_01",-4172.57294593261,512.840016056033,"IBS_before","PCA"
"J_XYL_F_0058_02",431.146651757804,-213.358796434064,"IBS_after","PCA"
"J_XYL_F_0059_01",1023.13459066318,-297.653480735235,"IBS_before","PCA"
"J_XYL_F_0059_02",783.063008142894,374.100771223419,"IBS_after","PCA"
"J_XYL_F_0060_01",-536.691863868653,-959.209726781813,"IBS_before","PCA"
"J_XYL_F_0060_02",2573.63508490659,2637.05169457531,"IBS_after","PCA"
"J_XYL_F_0061_01",2664.97776093802,832.66874096202,"IBS_before","PCA"
"J_XYL_F_0061_02",1267.7614129821,-1384.25624847329,"IBS_after","PCA"
"J_XYL_F_0062_01",1919.60996248717,426.389931956997,"IBS_before","PCA"
"J_XYL_F_0062_02",1874.44389225355,338.700604918346,"IBS_after","PCA"
"J_XYL_F_0064_01",-7838.09546098947,3365.28373908946,"IBS_before","PCA"
"J_XYL_F_0064_02",-3587.46990401683,-74.1576193707592,"IBS_after","PCA"
"J_XYL_F_0065_01",1096.16007684483,1129.39705617659,"IBS_before","PCA"
"J_XYL_F_0065_02",1151.32456645277,710.176932530668,"IBS_after","PCA"
"J_XYL_F_0066_01",-1310.20081452036,-1813.93818344408,"IBS_before","PCA"
"J_XYL_F_0066_02",973.837716045021,-776.973467553874,"IBS_after","PCA"
"K_XYL_F_0001_01",-2242.21384528649,-484.681785280346,"UC_before","PCA"
"K_XYL_F_0001_02",4530.33516277588,9523.09839877566,"UC_after","PCA"
"K_XYL_F_0002_01",-8895.25142539514,3380.74667993364,"UC_before","PCA"
"K_XYL_F_0002_02",736.443546729251,4172.00498012591,"UC_after","PCA"
"K_XYL_F_0003_01",308.937772325504,-2664.57708300185,"UC_before","PCA"
"K_XYL_F_0003_02",-6612.78190524669,1616.71973629074,"UC_after","PCA"
"K_XYL_F_0004_01",-2929.75774166525,83.5156126555019,"UC_before","PCA"
"K_XYL_F_0004_02",-5686.24581235275,4483.70688042828,"UC_after","PCA"
"K_XYL_F_0005_01",105.288439464422,-2312.33966824655,"UC_before","PCA"
"K_XYL_F_0005_02",3588.08846967705,1793.0743399386,"UC_after","PCA"
"K_XYL_F_0007_01",-1076.62759356741,265.660655995308,"UC_before","PCA"
"K_XYL_F_0007_02",-183.553212943212,397.995931953133,"UC_after","PCA"
"K_XYL_F_0008_01",-404.301989867915,-1404.89125169412,"UC_before","PCA"
"K_XYL_F_0008_02",-2281.99099564652,-1194.4680959094,"UC_after","PCA"
"K_XYL_F_0009_01",736.930362765614,-2071.95545280849,"UC_before","PCA"
"K_XYL_F_0009_02",443.680171823524,343.908242324439,"UC_after","PCA"
"K_XYL_F_0009_03",1806.71948747599,-1302.31855949995,"NA","PCA"
"K_XYL_F_0011_01",361.138082922012,-864.787172458091,"UC_before","PCA"
"K_XYL_F_0011_02",1608.00437033386,-594.790504835338,"UC_after","PCA"
"K_XYL_F_0012_01",1576.56929960857,435.201325864857,"UC_before","PCA"
"K_XYL_F_0012_02",1097.8607189366,-4322.54921449659,"UC_after","PCA"
"K_XYL_F_0013_01",-2846.24483656511,-1267.53342541366,"UC_before","PCA"
"K_XYL_F_0013_02",1077.55280009497,-3064.9944213099,"UC_after","PCA"
"K_XYL_F_0017_01",2353.96115567185,3259.98724294995,"UC_before","PCA"
"K_XYL_F_0017_02",-1288.28784359134,1378.46372943381,"UC_after","PCA"
"K_XYL_F_0018_01",1134.02359108221,-488.389739027405,"UC_before","PCA"
"K_XYL_F_0018_02",-150.611642690413,-454.603112043995,"UC_after","PCA"
"K_XYL_F_0022_01",2073.20953215836,-53.0770191839183,"UC_before","PCA"
"K_XYL_F_0022_02",567.667123789114,-4134.57159228247,"UC_after","PCA"
"K_XYL_F_0028_01",538.564266439001,-1982.58557900783,"UC_before","PCA"
"K_XYL_F_0028_02",1672.87702486638,-1021.01325140357,"UC_after","PCA"
"K_XYL_F_0030_02",373.102562929414,-2632.86532829061,"UC_after","PCA"
"K_XYL_F_0030_03",5721.83283189614,4335.85886822936,"UC_before","PCA"
"K_XYL_F_0033_01",2910.81868717869,101.272797578083,"UC_before","PCA"
"K_XYL_F_0033_02",3112.02994993939,1081.53477669631,"UC_after","PCA"
"K_XYL_F_0035_01",1330.32738069988,43.7398456391261,"UC_before","PCA"
"K_XYL_F_0035_02",-785.863856731855,26.9410594717225,"UC_after","PCA"
"K_XYL_F_0035_03",9.8287698501251,-1079.71329797267,"NA","PCA"
"K_XYL_F_0036_01",280.569425052325,374.665884271622,"UC_before","PCA"
"K_XYL_F_0036_02",2208.60497141787,272.392637491797,"UC_after","PCA"
"K_XYL_F_0037_01",603.308746437195,-5002.27186868046,"UC_before","PCA"
"K_XYL_F_0037_02",1378.07273037845,-4506.95983453787,"UC_after","PCA"
"K_XYL_F_0038_01",1046.57207739454,2134.17727861304,"UC_before","PCA"
"K_XYL_F_0038_02",5928.40402632489,7098.31982506113,"UC_after","PCA"
"K_XYL_F_0039_01",1637.07946078064,1142.81307219511,"UC_before","PCA"
"K_XYL_F_0039_02",-4968.29002024599,228.999068008767,"UC_after","PCA"
"K_XYL_F_0042_01",1419.5650994449,-2495.16577693104,"UC_before","PCA"
"K_XYL_F_0042_02",879.079489662577,-3713.15955807342,"UC_after","PCA"
"K_XYL_F_0043_01",3106.03747419793,2903.33954300393,"UC_before","PCA"
"K_XYL_F_0043_02",5433.1423722921,4178.26226155533,"UC_after","PCA"
"K_XYL_F_0044_01",3646.52671266882,2095.400577671,"UC_before","PCA"
"K_XYL_F_0044_02",3720.27959841127,2425.6975214867,"UC_after","PCA"
"K_XYL_F_0045_01",74.2392989777057,-1171.71211240878,"UC_before","PCA"
"K_XYL_F_0045_02",1898.92474568197,1576.83427628993,"UC_after","PCA"
"K_XYL_F_0046_01",95.2920614036557,-1827.72417715311,"UC_before","PCA"
"K_XYL_F_0046_02",1935.63254019505,2151.9753598159,"UC_after","PCA"
"K_XYL_F_0047_01",1221.03762759252,-157.841490452757,"UC_before","PCA"
"K_XYL_F_0047_02",852.536548834739,133.513781192656,"UC_after","PCA"
"K_XYL_F_0048_01",-1835.61799428711,-1273.9994686928,"UC_before","PCA"
"K_XYL_F_0048_02",-43.1386133069527,-1564.46976354026,"UC_after","PCA"
"J_XYL_F_0001_01",-0.547267072500044,-0.462448297984749,"IBS_before","NMDS"
"J_XYL_F_0001_02",-0.277293998334909,-0.0609270002349602,"IBS_after","NMDS"
"J_XYL_F_0002_01",0.279211299435715,-0.217101687712374,"IBS_before","NMDS"
"J_XYL_F_0002_02",0.367980177260342,-0.0318413538567564,"IBS_after","NMDS"
"J_XYL_F_0003_01",0.374778275812713,-0.358684597501178,"IBS_before","NMDS"
"J_XYL_F_0003_02",0.303013447363269,0.0540679005734269,"IBS_after","NMDS"
"J_XYL_F_0004_01",0.470187968860983,-0.209963293341993,"IBS_before","NMDS"
"J_XYL_F_0004_02",0.245820482523353,0.0245690791434464,"IBS_after","NMDS"
"J_XYL_F_0005_01",0.512987044910756,-0.311698922321845,"IBS_before","NMDS"
"J_XYL_F_0005_02",0.331872132076247,-0.09882341755442,"IBS_after","NMDS"
"J_XYL_F_0006_01",-0.112355812819122,-0.784592734339545,"IBS_before","NMDS"
"J_XYL_F_0006_02",-0.337762402841195,-0.791402965439958,"IBS_after","NMDS"
"J_XYL_F_0010_01",0.266077581696863,-0.233515192793782,"IBS_before","NMDS"
"J_XYL_F_0010_02",0.511733849922135,-0.144216719417157,"IBS_after","NMDS"
"J_XYL_F_0012_01",0.347283647394305,0.422868915348198,"IBS_before","NMDS"
"J_XYL_F_0012_02",0.353895724701275,0.23912727275072,"IBS_after","NMDS"
"J_XYL_F_0013_01",0.0988984374743122,0.146243370486146,"IBS_before","NMDS"
"J_XYL_F_0013_02",-0.266931375614775,-0.396171831734982,"IBS_after","NMDS"
"J_XYL_F_0015_01",0.090919275380621,0.418864907466266,"IBS_before","NMDS"
"J_XYL_F_0015_02",-0.115126306968263,0.377124946168907,"IBS_after","NMDS"
"J_XYL_F_0016_01",0.0400914918960188,-0.00579241600690843,"IBS_before","NMDS"
"J_XYL_F_0016_02",-0.353881339971899,0.10558380092783,"IBS_after","NMDS"
"J_XYL_F_0018_01",0.307954723708786,-0.0375768861622674,"IBS_before","NMDS"
"J_XYL_F_0018_02",0.349692632729105,-0.644302470568042,"IBS_after","NMDS"
"J_XYL_F_0020_01",0.468910714827171,-0.116604555345942,"IBS_before","NMDS"
"J_XYL_F_0020_02",-0.0666728085141828,-0.246825290180746,"IBS_after","NMDS"
"J_XYL_F_0025_01",0.470879237699655,-0.398391124105721,"IBS_before","NMDS"
"J_XYL_F_0025_02",0.391613494268461,0.0636551404889667,"IBS_after","NMDS"
"J_XYL_F_0031_01",0.0128357502666488,0.116050517321393,"IBS_before","NMDS"
"J_XYL_F_0031_02",-0.231716342203153,-0.150560685992275,"IBS_after","NMDS"
"J_XYL_F_0032_01",0.161439333356028,0.274426517690056,"IBS_before","NMDS"
"J_XYL_F_0032_02",0.350898867970704,0.0186222681398611,"IBS_after","NMDS"
"J_XYL_F_0034_01",0.366287908021371,0.148063827231738,"IBS_before","NMDS"
"J_XYL_F_0034_02",-0.0949465193149035,-0.184442120791735,"IBS_after","NMDS"
"J_XYL_F_0036_01",0.231650517108201,-0.108682120832857,"IBS_before","NMDS"
"J_XYL_F_0036_02",-0.0424957081749471,-0.356074668661445,"IBS_after","NMDS"
"J_XYL_F_0043_01",0.30604458583621,0.0885065301739144,"IBS_before","NMDS"
"J_XYL_F_0043_2",0.17098107982081,-0.715621387206123,"IBS_after","NMDS"
"J_XYL_F_0044_01",-0.403262782104823,-0.572851746219421,"IBS_before","NMDS"
"J_XYL_F_0044_02",-0.634352813922236,-0.213516200732715,"IBS_after","NMDS"
"J_XYL_F_0045_01",-0.500020133130197,-0.394550282961512,"IBS_before","NMDS"
"J_XYL_F_0045_2",-0.109116664293704,-0.0537838911558938,"IBS_after","NMDS"
"J_XYL_F_0046_01",0.168344008631636,0.0147881819837597,"IBS_before","NMDS"
"J_XYL_F_0046_02",0.199936365084519,-0.133435408794244,"IBS_after","NMDS"
"J_XYL_F_0047_01",0.00435186848472253,0.243705526276782,"IBS_before","NMDS"
"J_XYL_F_0047_02",0.227519994253279,-0.332540647830701,"IBS_after","NMDS"
"J_XYL_F_0048_01",-0.448321930344416,-0.0578698389260836,"IBS_before","NMDS"
"J_XYL_F_0049_02",0.238900460969434,-0.207443742554826,"IBS_after","NMDS"
"J_XYL_F_0050_01",-0.345644310808486,0.156428568451313,"IBS_before","NMDS"
"J_XYL_F_0050_02",-1.80902709648386,-0.384010923963685,"IBS_after","NMDS"
"J_XYL_F_0051_01",-0.739751799375818,0.106517204006033,"IBS_before","NMDS"
"J_XYL_F_0051_02",0.539674833546736,-0.18935701556662,"IBS_after","NMDS"
"J_XYL_F_0053_01",0.349725066340115,0.120274457697842,"IBS_before","NMDS"
"J_XYL_F_0053_02",0.241750748093095,-0.00731867434449573,"IBS_after","NMDS"
"J_XYL_F_0057_01",-0.920149794397999,-0.2091315175499,"IBS_before","NMDS"
"J_XYL_F_0057_02",0.049758403411048,-0.116574975089873,"IBS_after","NMDS"
"J_XYL_F_0058_01",-0.483065869880374,0.452470549676982,"IBS_before","NMDS"
"J_XYL_F_0058_02",-0.114862186147226,0.115839756835593,"IBS_after","NMDS"
"J_XYL_F_0059_01",0.0760554726734646,0.0269624879591065,"IBS_before","NMDS"
"J_XYL_F_0059_02",0.275412794414252,-0.128322100820048,"IBS_after","NMDS"
"J_XYL_F_0060_01",-0.254316811130454,0.299585028073216,"IBS_before","NMDS"
"J_XYL_F_0060_02",0.060485879672625,0.278939139823706,"IBS_after","NMDS"
"J_XYL_F_0061_01",0.0683517234748965,0.603163830830194,"IBS_before","NMDS"
"J_XYL_F_0061_02",-0.225888836640892,0.566485306666055,"IBS_after","NMDS"
"J_XYL_F_0062_01",0.0811683057056478,0.0727122468417306,"IBS_before","NMDS"
"J_XYL_F_0062_02",0.267862674464432,0.373578997870522,"IBS_after","NMDS"
"J_XYL_F_0064_01",-0.0704822279316212,-0.00106501120899406,"IBS_before","NMDS"
"J_XYL_F_0064_02",0.167043458524361,-0.444729334080596,"IBS_after","NMDS"
"J_XYL_F_0065_01",0.431631327785952,-0.147142805587359,"IBS_before","NMDS"
"J_XYL_F_0065_02",0.404419581064041,-0.29355823259498,"IBS_after","NMDS"
"J_XYL_F_0066_01",-0.552265074207042,0.215977038659523,"IBS_before","NMDS"
"J_XYL_F_0066_02",-0.398317747634071,0.675483053062292,"IBS_after","NMDS"
"K_XYL_F_0001_01",-0.600947419124052,-0.101872412099507,"UC_before","NMDS"
"K_XYL_F_0001_02",-0.958934118427193,-0.172625115084608,"UC_after","NMDS"
"K_XYL_F_0002_01",-0.171382093292503,-0.12274635045632,"UC_before","NMDS"
"K_XYL_F_0002_02",-0.662877969519739,-0.302329676791175,"UC_after","NMDS"
"K_XYL_F_0003_01",-0.456424091699739,0.729560964104525,"UC_before","NMDS"
"K_XYL_F_0003_02",-0.451489877001959,-0.0109700157028617,"UC_after","NMDS"
"K_XYL_F_0004_01",-0.732676767616412,-0.126259252406573,"UC_before","NMDS"
"K_XYL_F_0004_02",-0.671303966551206,0.237920769787639,"UC_after","NMDS"
"K_XYL_F_0005_01",0.04341085157231,0.477881721472861,"UC_before","NMDS"
"K_XYL_F_0005_02",-0.128895184996115,0.499180251776377,"UC_after","NMDS"
"K_XYL_F_0007_01",0.11561192185532,-0.403780734506605,"UC_before","NMDS"
"K_XYL_F_0007_02",-0.224592524594259,-0.524972749394292,"UC_after","NMDS"
"K_XYL_F_0008_01",0.092634494367246,-0.278964958708988,"UC_before","NMDS"
"K_XYL_F_0008_02",0.274170283430615,-0.435477938909404,"UC_after","NMDS"
"K_XYL_F_0009_01",0.278493304979526,-0.550063110957106,"UC_before","NMDS"
"K_XYL_F_0009_02",0.213243515294671,-0.040717124983438,"UC_after","NMDS"
"K_XYL_F_0009_03",0.496819305294851,-0.0470660505469765,"NA","NMDS"
"K_XYL_F_0011_01",0.112699609598851,-0.0977785378393722,"UC_before","NMDS"
"K_XYL_F_0011_02",-0.112783261466437,0.265756291508829,"UC_after","NMDS"
"K_XYL_F_0012_01",0.430097576147801,-0.248155472780184,"UC_before","NMDS"
"K_XYL_F_0012_02",0.461579499002208,0.0927479584622764,"UC_after","NMDS"
"K_XYL_F_0013_01",-0.617689241345509,-0.391819678720218,"UC_before","NMDS"
"K_XYL_F_0013_02",-0.139901124205339,0.345197676663403,"UC_after","NMDS"
"K_XYL_F_0017_01",-0.0265931774225911,0.147362960394373,"UC_before","NMDS"
"K_XYL_F_0017_02",-0.173459864417553,0.224837719913176,"UC_after","NMDS"
"K_XYL_F_0018_01",-0.215154453715762,0.463209964566932,"UC_before","NMDS"
"K_XYL_F_0018_02",-0.504686512655267,0.241709209821406,"UC_after","NMDS"
"K_XYL_F_0022_01",-0.391694976819054,0.389044148126373,"UC_before","NMDS"
"K_XYL_F_0022_02",0.364440590532812,0.351024078311459,"UC_after","NMDS"
"K_XYL_F_0028_01",-0.410702102202684,0.461970106174466,"UC_before","NMDS"
"K_XYL_F_0028_02",-0.136802181540448,0.579438409199094,"UC_after","NMDS"
"K_XYL_F_0030_02",-0.068620906274755,0.315631654511327,"UC_after","NMDS"
"K_XYL_F_0030_03",-0.334932707105542,0.261199801591484,"UC_before","NMDS"
"K_XYL_F_0033_01",0.441252909893951,0.0110621964469793,"UC_before","NMDS"
"K_XYL_F_0033_02",0.187942563516265,0.146351049926161,"UC_after","NMDS"
"K_XYL_F_0035_01",0.259180861257147,0.107617314874696,"UC_before","NMDS"
"K_XYL_F_0035_02",0.348114456707274,0.0615909622022881,"UC_after","NMDS"
"K_XYL_F_0035_03",0.217465085750012,0.473191615441189,"NA","NMDS"
"K_XYL_F_0036_01",0.196034164014585,0.227163598315571,"UC_before","NMDS"
"K_XYL_F_0036_02",0.0829268862028674,-0.562111558366844,"UC_after","NMDS"
"K_XYL_F_0037_01",0.151425554563346,0.51664953460197,"UC_before","NMDS"
"K_XYL_F_0037_02",0.242052276837945,0.419402955607587,"UC_after","NMDS"
"K_XYL_F_0038_01",-0.41184270494068,0.152746355282189,"UC_before","NMDS"
"K_XYL_F_0038_02",-0.0735845302894003,0.0995578438963672,"UC_after","NMDS"
"K_XYL_F_0039_01",-0.301973789604209,0.413463791519801,"UC_before","NMDS"
"K_XYL_F_0039_02",-0.69628839025169,-0.586743622989711,"UC_after","NMDS"
"K_XYL_F_0042_01",0.28284033810186,0.209549532650734,"UC_before","NMDS"
"K_XYL_F_0042_02",0.587320863116074,0.0350819430502399,"UC_after","NMDS"
"K_XYL_F_0043_01",0.388234360878869,0.311338923273952,"UC_before","NMDS"
"K_XYL_F_0043_02",0.425652763032249,0.324321663675271,"UC_after","NMDS"
"K_XYL_F_0044_01",0.0574873596225857,-0.299901976727663,"UC_before","NMDS"
"K_XYL_F_0044_02",0.377343501741419,-0.239213510800139,"UC_after","NMDS"
"K_XYL_F_0045_01",0.368441780614246,-0.106088767670716,"UC_before","NMDS"
"K_XYL_F_0045_02",0.0717807822316078,-0.154234232383831,"UC_after","NMDS"
"K_XYL_F_0046_01",0.505654802433395,-0.256630386261788,"UC_before","NMDS"
"K_XYL_F_0046_02",-0.222224595846598,0.0007447870265922,"UC_after","NMDS"
"K_XYL_F_0047_01",0.0847165474644592,-0.00195041142723084,"UC_before","NMDS"
"K_XYL_F_0047_02",0.153912841998086,-0.0575943474098333,"UC_after","NMDS"
"K_XYL_F_0048_01",-0.317697279518517,0.194056491539942,"UC_before","NMDS"
"K_XYL_F_0048_02",0.322137277165053,0.46528146965204,"UC_after","NMDS"
